contig,input_name,organism,virus_seq_length,end_feature,gene_count,virion_hallmark_count,rep_hallmark_count,RDRP_hallmark_count,virion_hallmark_genes,rep_hallmark_genes,RDRP_hallmark_genes,taxonomy_hierarchy,ORF_caller,gcode,avg_read_depth,newName,Strain_label,Identification,genus,Isolation_source,person,time
MB18_33_ct3_46@Chunk_0,NODE_46_length_37751_cov_27.740485,Caudoviricetes sp. ctPOOYN,19076,None,34,5,1,0,capsid protein|Head fiber protein|Portal protein|Large Terminase|Small Terminase,Replicative helicase,NA,d_Viruses;-_Duplodnaviria;k_Heunggongvirae;p_Uroviricota;c_Caudoviricetes,prodigal-gv,11,NA,MB18-33,MB18-33,Bacteroides uniformis,Bacteroides,D1-S1,D1,S1
MB18_33_ct3_51@Chunk_0,NODE_51_length_34638_cov_21.818116,unclassified virus sp. ctCUSBJ,34639,None,59,2,0,0,Tail collar fibre protein|virion protein,,NA,unclassified virus,prodigal-gv,11,NA,MB18-33,MB18-33,Bacteroides uniformis,Bacteroides,D1-S1,D1,S1
MB18_33_ct3_72@Chunk_0,NODE_72_length_22732_cov_25.643707,Caudoviricetes sp. ct4O9OY,22733,None,32,4,1,0,tail tape measure protein |Capsid protein|Large Terminase|Portal protein,dsDNA helicase,NA,d_Viruses;-_Duplodnaviria;k_Heunggongvirae;p_Uroviricota;c_Caudoviricetes,prodigal-gv,11,NA,MB18-33,MB18-33,Bacteroides uniformis,Bacteroides,D1-S1,D1,S1
MB18_33_ct3_89@Chunk_0,NODE_89_length_16973_cov_27.568062,unclassified virus sp. ct9KAF2,5332,None,9,2,0,0,Large Terminase|virion envelope protein A14,,NA,,prodigal-gv,11,NA,MB18-33,MB18-33,Bacteroides uniformis,Bacteroides,D1-S1,D1,S1
MB18_57_ct3_17@Chunk_2,NODE_17_length_73201_cov_32.253332,Caudoviricetes sp. ctTP7PB,46148,None,59,10,2,0,tail tape measure protein |major tail protein|tail completion protein|Head Tail Connector protein|Head Tail Connector protein|Major Capsid Protein|prohead serine protease|Portal protein|Large Terminase|Small Terminase,replicative DNA helicase|DNA Polymerase I,NA,d_Viruses;-_Duplodnaviria;k_Heunggongvirae;p_Uroviricota;c_Caudoviricetes,prodigal-gv,11,NA,MB18-57,MB18-57_contigs,Phocaeicola vulgatus,Phocaeicola,D1-S1,D1,S1
MB18_61_ct3_101@Chunk_0,NODE_101_length_23315_cov_7.999482,Caudoviricetes sp. ctC40C7,23316,None,30,3,0,0,Portal protein|Large Terminase|prohead serine protease,NA,NA,d_Viruses;-_Duplodnaviria;k_Heunggongvirae;p_Uroviricota;c_Caudoviricetes,prodigal-gv,11,NA,MB18-61,MB18-61_contigs,Bacteroides ovatus,Bacteroides,D1-S1,D1,S1
MB18_61_ct3_120@Chunk_0,NODE_120_length_18415_cov_8.611385,Caudoviricetes sp. ctJN19E,18416,None,16,4,0,0,tail protein|minor structural protein |tail protein |tail tape measure protein ,NA,NA,d_Viruses;-_Duplodnaviria;k_Heunggongvirae;p_Uroviricota;c_Caudoviricetes,prodigal-gv,11,NA,MB18-61,MB18-61_contigs,Bacteroides ovatus,Bacteroides,D1-S1,D1,S1
MB18_66_ct3_138,NODE_138_length_3885_cov_38.724588,unclassified virus sp. ctYCZC6,3885,None,2,1,0,0,minor structural protein ,,NA,,prodigal-gv,11,NA,MB18-66,MB18-66_contigs,Phocaeicola vulgatus,Phocaeicola,D1-S1,D1,S1
MB18_66_ct3_6@Chunk_7,NODE_6_length_115751_cov_52.686017,Caudoviricetes sp. ctW3Z05,42846,None,57,10,2,0,tail tape measure protein |major tail protein|tail completion protein|Head Tail Connector protein|Head Tail Connector protein|Major Capsid Protein|prohead serine protease|Portal protein|Large Terminase|Small Terminase,replicative DNA helicase|DNA Polymerase I,NA,d_Viruses;-_Duplodnaviria;k_Heunggongvirae;p_Uroviricota;c_Caudoviricetes,prodigal-gv,11,NA,MB18-66,MB18-66_contigs,Phocaeicola vulgatus,Phocaeicola,D1-S1,D1,S1
MB18_69_ct3_37@Chunk_0,NODE_37_length_44055_cov_51.338691,Caudoviricetes sp. ctHZOL7,44056,None,70,8,2,0,Terminase small subunit|Large Terminase|Portal protein|capsid scaffolding protein|Head fiber protein|capsid protein|tail tape measure protein|tail protein,DNA helicase|phage replisome organiser,NA,d_Viruses;-_Duplodnaviria;k_Heunggongvirae;p_Uroviricota;c_Caudoviricetes,prodigal-gv,11,NA,MB18-69,MB18-69,Bacteroides uniformis,Bacteroides,D1-S1,D1,S1
MB18_69_ct3_40@Chunk_0,NODE_40_length_39540_cov_7.109152,unclassified virus sp. ctNMGNP,39541,None,65,2,0,0,Tail collar fibre protein|virion protein,,NA,unclassified virus,prodigal-gv,11,NA,MB18-69,MB18-69,Bacteroides uniformis,Bacteroides,D1-S1,D1,S1
MB18_69_ct3_51@Chunk_0,NODE_51_length_24632_cov_8.489574,Caudoviricetes sp. ct5YAD1,24633,None,34,4,1,0,Portal protein|Large Terminase|Capsid protein|tail tape measure protein ,dsDNA helicase,NA,d_Viruses;-_Duplodnaviria;k_Heunggongvirae;p_Uroviricota;c_Caudoviricetes,prodigal-gv,11,NA,MB18-69,MB18-69,Bacteroides uniformis,Bacteroides,D1-S1,D1,S1
MB18_71_ct3_135,NODE_135_length_2470_cov_37.633803,Mimiviridae sp. ctRHB1T,2470,None,1,1,0,0,major tail protein,,NA,d_Viruses;-_Varidnaviria;k_Bamfordvirae;p_Nucleocytoviricota;c_Megaviricetes;o_Imitervirales;f_Mimiviridae,prodigal-gv,11,NA,MB18-71,MB18-71,Bacteroides faecis,Bacteroides,D1-S1,D1,S1
MB18_71_ct3_18@Chunk_3,NODE_18_length_104219_cov_32.670051,Caudoviricetes sp. ctT343F,42608,None,45,10,0,0,Putative tail length tape measure protein |major tail protein|tail component|Head tail adaptor|Head Tail Connector Protein|Major Capsid Protein|prohead serine protease|Portal protein|Large Terminase|Small Terminase,,NA,d_Viruses;-_Duplodnaviria;k_Heunggongvirae;p_Uroviricota;c_Caudoviricetes,prodigal-gv,11,NA,MB18-71,MB18-71,Bacteroides faecis,Bacteroides,D1-S1,D1,S1
MB18_71_ct3_19@Chunk_1,NODE_19_length_102829_cov_34.072004,Winoviridae sp. ctRIA04,46026,None,56,7,1,0,Tail morphogenesis protein|minor capsid component|Large Terminase|Major Capsid protein|tail sheath|minor tail protein|Tail protein,Helicase ATPase,NA,d_Viruses;-_Duplodnaviria;k_Heunggongvirae;p_Uroviricota;c_Caudoviricetes;f_Winoviridae,prodigal-gv,11,NA,MB18-71,MB18-71,Bacteroides faecis,Bacteroides,D1-S1,D1,S1
MB18_71_ct3_40@Chunk_0,NODE_40_length_59309_cov_29.990183,Caudoviricetes sp. ctRIUFN,59310,None,74,6,1,0,minor tail protein|Major Capsid Protein|prohead serine protease|Portal Protein|Large Terminase|Terminase small subunit,DNA helicase,NA,d_Viruses;-_Duplodnaviria;k_Heunggongvirae;p_Uroviricota;c_Caudoviricetes,prodigal-gv,11,NA,MB18-71,MB18-71,Bacteroides faecis,Bacteroides,D1-S1,D1,S1
MB18_71_ct3_9@Chunk_0,NODE_9_length_139203_cov_30.093920,Caudoviricetes sp. ct9SPF8,20785,None,17,6,0,0,Portal Protein|minor capsid component|Major Capsid protein|tail sheath|minor tail protein|Tail protein,,NA,d_Viruses;-_Duplodnaviria;k_Heunggongvirae;p_Uroviricota;c_Caudoviricetes,prodigal-gv,11,NA,MB18-71,MB18-71,Bacteroides faecis,Bacteroides,D1-S1,D1,S1
MB18_74_ct3_2@Chunk_30,NODE_2_length_311876_cov_24.806806,unclassified virus sp. ctH32TC,28815,None,40,3,0,0,virion protein|tail protein|tail tape measure protein,,NA,unclassified virus,prodigal-gv,11,NA,MB18-74,MB18-74,Bacteroides uniformis,Bacteroides,D1-S1,D1,S1
MB18_74_ct3_35@Chunk_0,NODE_35_length_29490_cov_44.498587,Caudoviricetes sp. ctT9SHK,29491,None,54,6,2,0,capsid protein|Head fiber protein|capsid scaffolding protein|Portal protein|Large Terminase|Terminase small subunit,phage replisome organiser|DNA helicase,NA,d_Viruses;-_Duplodnaviria;k_Heunggongvirae;p_Uroviricota;c_Caudoviricetes,prodigal-gv,11,NA,MB18-74,MB18-74,Bacteroides uniformis,Bacteroides,D1-S1,D1,S1
MB18_74_ct3_9@Chunk_7,NODE_9_length_155974_cov_24.879882,Caudoviricetes sp. ct5CV0Y,73937,None,116,6,1,0,Portal protein|Large Terminase|Capsid protein|tail tape measure protein |Tail collar fibre protein|virion protein,dsDNA helicase,NA,d_Viruses;-_Duplodnaviria;k_Heunggongvirae;p_Uroviricota;c_Caudoviricetes,prodigal-gv,11,NA,MB18-74,MB18-74,Bacteroides uniformis,Bacteroides,D1-S1,D1,S1
MB18_76_ct3_2@Chunk_13,NODE_2_length_240028_cov_24.265059,unclassified virus sp. ct1L85B,38535,None,66,2,0,0,virion protein|Tail collar fibre protein,,NA,unclassified virus,prodigal-gv,11,NA,MB18-76,MB18-76,Bacteroides uniformis,Bacteroides,D1-S1,D1,S1
MB18_76_ct3_35@Chunk_3,NODE_35_length_58547_cov_21.621448,Caudoviricetes sp. ctUM126,19078,None,35,5,1,0,Small Terminase|Large Terminase|Portal protein|Head fiber protein|capsid protein,Replicative helicase,NA,d_Viruses;-_Duplodnaviria;k_Heunggongvirae;p_Uroviricota;c_Caudoviricetes,prodigal-gv,11,NA,MB18-76,MB18-76,Bacteroides uniformis,Bacteroides,D1-S1,D1,S1
MB18_76_ct3_41@Chunk_0,NODE_41_length_39869_cov_26.593453,Caudoviricetes sp. ctK3GG8,33240,None,49,4,1,0,tail tape measure protein |Capsid protein|Large Terminase|Portal protein,dsDNA helicase,NA,d_Viruses;-_Duplodnaviria;k_Heunggongvirae;p_Uroviricota;c_Caudoviricetes,prodigal-gv,11,NA,MB18-76,MB18-76,Bacteroides uniformis,Bacteroides,D1-S1,D1,S1
MB18_76_ct3_6@Chunk_6,NODE_6_length_143079_cov_22.963176,Pachyviridae sp. ct9BJ2W,13002,None,14,2,1,0,virion envelope protein A14|Large Terminase,Replicative helicase,NA,d_Viruses;-_Duplodnaviria;k_Heunggongvirae;p_Uroviricota;c_Caudoviricetes;f_Pachyviridae,prodigal-gv,11,NA,MB18-76,MB18-76,Bacteroides uniformis,Bacteroides,D1-S1,D1,S1
MB18_78_ct3_8@Chunk_5,NODE_8_length_179196_cov_22.854888,Caudoviricetes sp. ctAANQH,51118,None,62,7,0,0,tail protein|minor structural protein |tail protein |tail tape measure protein |Portal protein|Large Terminase|prohead serine protease,NA,NA,d_Viruses;-_Duplodnaviria;k_Heunggongvirae;p_Uroviricota;c_Caudoviricetes,prodigal-gv,11,NA,MB18-78,MB18-78_contigs,Bacteroides ovatus,Bacteroides,D1-S1,D1,S1
MB18_80_ct3_2@Chunk_13,NODE_2_length_240028_cov_56.510777,unclassified virus sp. ctQV579,38535,None,66,2,0,0,virion protein|Tail collar fibre protein,,NA,unclassified virus,prodigal-gv,11,NA,MB18-80,MB18-80,Bacteroides uniformis,Bacteroides,D1-S1,D1,S1
MB18_80_ct3_34@Chunk_0,NODE_34_length_58547_cov_56.152824,Caudoviricetes sp. ctIBG7Q,19077,None,34,5,1,0,capsid protein|Head fiber protein|Portal protein|Large Terminase|Small Terminase,Replicative helicase,NA,d_Viruses;-_Duplodnaviria;k_Heunggongvirae;p_Uroviricota;c_Caudoviricetes,prodigal-gv,11,NA,MB18-80,MB18-80,Bacteroides uniformis,Bacteroides,D1-S1,D1,S1
MB18_80_ct3_42@Chunk_1,NODE_42_length_39868_cov_51.859868,Caudoviricetes sp. ct1D4YW,35013,None,51,4,1,0,Portal protein|Large Terminase|Capsid protein|tail tape measure protein ,dsDNA helicase,NA,d_Viruses;-_Duplodnaviria;k_Heunggongvirae;p_Uroviricota;c_Caudoviricetes,prodigal-gv,11,NA,MB18-80,MB18-80,Bacteroides uniformis,Bacteroides,D1-S1,D1,S1
MB18_80_ct3_6@Chunk_1,NODE_6_length_143201_cov_63.316158,Pachyviridae sp. ct8WGJT,13002,None,14,2,1,0,Large Terminase|virion envelope protein A14,Replicative helicase,NA,d_Viruses;-_Duplodnaviria;k_Heunggongvirae;p_Uroviricota;c_Caudoviricetes;f_Pachyviridae,prodigal-gv,11,NA,MB18-80,MB18-80,Bacteroides uniformis,Bacteroides,D1-S1,D1,S1
MB20_100_ct3_3@Chunk_7,NODE_3_length_179318_cov_22.825159,Caudoviricetes sp. ctAL4C3,48793,None,63,10,2,0,tail tape measure protein |major tail protein|tail completion protein|Head Tail Connector protein|Head Tail Connector protein|Major Capsid Protein|prohead serine protease|Portal protein|Large Terminase|Small Terminase,replicative DNA helicase|DNA Polymerase I,NA,d_Viruses;-_Duplodnaviria;k_Heunggongvirae;p_Uroviricota;c_Caudoviricetes,prodigal-gv,11,NA,MB20-100,MB20-100_L2_contigs,Phocaeicola vulgatus,Phocaeicola,D1-S2,D1,S2
MB20_110_ct3_10@Chunk_0,NODE_10_length_179194_cov_17.874706,Caudoviricetes sp. ctO5JSA,51117,None,62,7,0,0,prohead serine protease|Large Terminase|Portal protein|tail tape measure protein |tail protein |minor structural protein |tail protein,NA,NA,d_Viruses;-_Duplodnaviria;k_Heunggongvirae;p_Uroviricota;c_Caudoviricetes,prodigal-gv,11,NA,MB20-110,MB20-110_L1_contigs,Bacteroides ovatus,Bacteroides,D1-S2,D1,S2
MB20_113_ct3_1@Chunk_7,NODE_1_length_266403_cov_26.639461,Caudoviricetes sp. ctMUGFI,48793,None,63,10,2,0,tail tape measure protein |major tail protein|tail completion protein|Head Tail Connector protein|Head Tail Connector protein|Major Capsid Protein|prohead serine protease|Portal protein|Large Terminase|Small Terminase,replicative DNA helicase|DNA Polymerase I,NA,d_Viruses;-_Duplodnaviria;k_Heunggongvirae;p_Uroviricota;c_Caudoviricetes,prodigal-gv,11,NA,MB20-113,MB20-113_contigs,Phocaeicola vulgatus,Phocaeicola,D1-S2,D1,S2
MB20_121_ct3_13@Chunk_3,NODE_13_length_104221_cov_7.324726,Caudoviricetes sp. ctCQ9HF,42608,None,45,10,0,0,Small Terminase|Large Terminase|Portal protein|prohead serine protease|Major Capsid Protein|Head Tail Connector Protein|Head tail adaptor|tail component|major tail protein|Putative tail length tape measure protein ,,NA,d_Viruses;-_Duplodnaviria;k_Heunggongvirae;p_Uroviricota;c_Caudoviricetes,prodigal-gv,11,NA,MB20-121,MB20-121_L1,Bacteroides faecis,Bacteroides,D1-S2,D1,S2
MB20_121_ct3_14@Chunk_3,NODE_14_length_102828_cov_8.089697,Winoviridae sp. ctNY2B7,46026,None,56,7,1,0,Tail protein|minor tail protein|tail sheath|Major Capsid protein|Large Terminase|minor capsid component|Tail morphogenesis protein,Helicase ATPase,NA,d_Viruses;-_Duplodnaviria;k_Heunggongvirae;p_Uroviricota;c_Caudoviricetes;f_Winoviridae,prodigal-gv,11,NA,MB20-121,MB20-121_L1,Bacteroides faecis,Bacteroides,D1-S2,D1,S2
MB20_121_ct3_171,NODE_171_length_2470_cov_6.984208,Mimiviridae sp. ct4RBWB,2470,None,1,1,0,0,major tail protein,,NA,d_Viruses;-_Varidnaviria;k_Bamfordvirae;p_Nucleocytoviricota;c_Megaviricetes;o_Imitervirales;f_Mimiviridae,prodigal-gv,11,NA,MB20-121,MB20-121_L1,Bacteroides faecis,Bacteroides,D1-S2,D1,S2
MB20_121_ct3_5@Chunk_7,NODE_5_length_149091_cov_7.368592,Caudoviricetes sp. ctBTUW0,63708,None,78,6,1,0,Terminase small subunit|Large Terminase|Portal Protein|prohead serine protease|Major Capsid Protein|minor tail protein,DNA helicase,NA,d_Viruses;-_Duplodnaviria;k_Heunggongvirae;p_Uroviricota;c_Caudoviricetes,prodigal-gv,11,NA,MB20-121,MB20-121_L1,Bacteroides faecis,Bacteroides,D1-S2,D1,S2
MB20_121_ct3_69@Chunk_1,NODE_69_length_34955_cov_7.726772,Caudoviricetes sp. ctXEUGV,28152,None,30,6,0,0,Tail protein|minor tail protein|tail sheath|Major Capsid protein|minor capsid component|Portal Protein,,NA,d_Viruses;-_Duplodnaviria;k_Heunggongvirae;p_Uroviricota;c_Caudoviricetes,prodigal-gv,11,NA,MB20-121,MB20-121_L1,Bacteroides faecis,Bacteroides,D1-S2,D1,S2
MB20_125_ct3_32@Chunk_0,NODE_32_length_44206_cov_55.229837,Caudoviricetes sp. ctHZXQA,44207,None,71,8,2,0,tail protein|tail tape measure protein|capsid protein|Head fiber protein|capsid scaffolding protein|Portal protein|Large Terminase|Terminase small subunit,phage replisome organiser|DNA helicase,NA,d_Viruses;-_Duplodnaviria;k_Heunggongvirae;p_Uroviricota;c_Caudoviricetes,prodigal-gv,11,NA,MB20-125,MB20-125,Bacteroides uniformis,Bacteroides,D1-S2,D1,S2
MB20_125_ct3_46@Chunk_0,NODE_46_length_11034_cov_51.889429,Autolykiviridae sp. ctMW9CJ,11035,None,19,2,0,0,Distal Tail protein|virion protein,,NA,d_Viruses;-_Varidnaviria;k_Bamfordvirae;p_Preplasmiviricota;c_Tectiliviricetes;f_Autolykiviridae,prodigal-gv,11,NA,MB20-125,MB20-125,Bacteroides uniformis,Bacteroides,D1-S2,D1,S2
MB20_125_ct3_9@Chunk_7,NODE_9_length_169655_cov_19.503233,Caudoviricetes sp. ctT44TJ,76259,None,119,6,1,0,Portal protein|Large Terminase|Capsid protein|tail tape measure protein |Tail collar fibre protein|virion protein,dsDNA helicase,NA,d_Viruses;-_Duplodnaviria;k_Heunggongvirae;p_Uroviricota;c_Caudoviricetes,prodigal-gv,11,NA,MB20-125,MB20-125,Bacteroides uniformis,Bacteroides,D1-S2,D1,S2
MB20_127_ct3_110,NODE_110_length_7620_cov_5.412919,unclassified virus sp. ctLVNSS,7620,None,15,2,0,0,capsid protein|Head fiber protein,,NA,,prodigal-gv,11,NA,MB20-127,MB20-127,Bacteroides uniformis,Bacteroides,D1-S2,D1,S2
MB20_127_ct3_69@Chunk_1,NODE_69_length_24024_cov_6.435076,Pachyviridae sp. ct8CGVU,10409,None,13,2,1,0,virion envelope protein A14|Large Terminase,Replicative helicase,NA,d_Viruses;-_Duplodnaviria;k_Heunggongvirae;p_Uroviricota;c_Caudoviricetes;f_Pachyviridae,prodigal-gv,11,NA,MB20-127,MB20-127,Bacteroides uniformis,Bacteroides,D1-S2,D1,S2
MB20_127_ct3_77@Chunk_0,NODE_77_length_19515_cov_5.523829,unclassified virus sp. ct0T8SB,19516,None,29,2,0,0,Tail collar fibre protein|virion protein,,NA,unclassified virus,prodigal-gv,11,NA,MB20-127,MB20-127,Bacteroides uniformis,Bacteroides,D1-S2,D1,S2
MB20_127_ct3_78@Chunk_0,NODE_78_length_18664_cov_7.484652,Caudoviricetes sp. ctDPTBL,18665,None,26,4,0,0,tail tape measure protein |Capsid protein|Large Terminase|Portal protein,,NA,d_Viruses;-_Duplodnaviria;k_Heunggongvirae;p_Uroviricota;c_Caudoviricetes,prodigal-gv,11,NA,MB20-127,MB20-127,Bacteroides uniformis,Bacteroides,D1-S2,D1,S2
MB20_127_ct3_99@Chunk_0,NODE_99_length_10606_cov_4.982250,Caudoviricetes sp. ct4LYR0,10607,None,18,3,1,0,Small Terminase|Large Terminase|Portal protein,Replicative helicase,NA,d_Viruses;-_Duplodnaviria;k_Heunggongvirae;p_Uroviricota;c_Caudoviricetes,prodigal-gv,11,NA,MB20-127,MB20-127,Bacteroides uniformis,Bacteroides,D1-S2,D1,S2
MB20_128_ct3_118,NODE_118_length_8529_cov_7.589383,Caudoviricetes sp. ct3X2WF,8529,None,15,2,0,0,Terminase small subunit|Large Terminase,,NA,d_Viruses;-_Duplodnaviria;k_Heunggongvirae;p_Uroviricota;c_Caudoviricetes,prodigal-gv,11,NA,MB20-128,MB20-128,Phocaeicola vulgatus,Phocaeicola,D1-S2,D1,S2
MB20_128_ct3_17@Chunk_0,NODE_17_length_73532_cov_13.906859,Caudoviricetes sp. ctFGUER,41666,None,45,7,0,0,Tail morphogenesis protein|minor capsid component|Portal protein|head to tail adaptor|Large Terminase|Major Capsid protein|tail tape measure protein,,NA,d_Viruses;-_Duplodnaviria;k_Heunggongvirae;p_Uroviricota;c_Caudoviricetes,prodigal-gv,11,NA,MB20-128,MB20-128,Phocaeicola vulgatus,Phocaeicola,D1-S2,D1,S2
MB20_128_ct3_22@Chunk_1,NODE_22_length_62349_cov_13.275433,Caudoviricetes sp. ctZ5R1Z,50764,None,66,7,0,0,Tail collar fibre protein|Distal Tail Protein|Major Capsid Protein|minor capsid protein|Portal protein|Large Terminase|Small Terminase,,NA,d_Viruses;-_Duplodnaviria;k_Heunggongvirae;p_Uroviricota;c_Caudoviricetes,prodigal-gv,11,NA,MB20-128,MB20-128,Phocaeicola vulgatus,Phocaeicola,D1-S2,D1,S2
MB20_128_ct3_41@Chunk_0,NODE_41_length_41450_cov_9.381216,Caudoviricetes sp. ct00THW,41451,None,51,5,1,0,Terminase small subunit|Large Terminase|Tail tape measure |Major Capsid protein|Portal Protein,Helicase of the snf2 family,NA,d_Viruses;-_Duplodnaviria;k_Heunggongvirae;p_Uroviricota;c_Caudoviricetes,prodigal-gv,11,NA,MB20-128,MB20-128,Phocaeicola vulgatus,Phocaeicola,D1-S2,D1,S2
MB20_128_ct3_48@Chunk_0,NODE_48_length_33784_cov_8.949490,Caudoviricetes sp. ctX8MC5,33785,None,43,4,0,0,tail tape measure protein|Major Capsid Protein|phage prohead protease|Portal Protein,,NA,d_Viruses;-_Duplodnaviria;k_Heunggongvirae;p_Uroviricota;c_Caudoviricetes,prodigal-gv,11,NA,MB20-128,MB20-128,Phocaeicola vulgatus,Phocaeicola,D1-S2,D1,S2
MB20_128_ct3_54@Chunk_0,NODE_54_length_31263_cov_10.230890,Caudoviricetes sp. ct7FJIM,31264,None,43,7,0,0,Small Terminase|Large Terminase|Portal protein|Head fiber protein|capsid protein|tail tape measure protein|minor structural protein ,,NA,d_Viruses;-_Duplodnaviria;k_Heunggongvirae;p_Uroviricota;c_Caudoviricetes,prodigal-gv,11,NA,MB20-128,MB20-128,Phocaeicola vulgatus,Phocaeicola,D1-S2,D1,S2
MB20_130_ct3_18@Chunk_0,NODE_18_length_130993_cov_15.192678,Caudoviricetes sp. ctOYKZA,69616,None,102,5,1,0,Distal Tail Protein|Major Capsid protein|Portal protein|Large Terminase|Small Terminase,DNA helicase,NA,d_Viruses;-_Duplodnaviria;k_Heunggongvirae;p_Uroviricota;c_Caudoviricetes,prodigal-gv,11,NA,MB20-130,MB20-130_L2contigs,Bacteroides ovatus,Bacteroides,D2-S2,D2,S2
MB20_130_ct3_22@Chunk_5,NODE_22_length_87217_cov_14.415777,unclassified virus sp. ctMACBP,59710,None,63,2,0,0,Baseplate wedge protein|Tail protein,,NA,,prodigal-gv,11,NA,MB20-130,MB20-130_L2contigs,Bacteroides ovatus,Bacteroides,D2-S2,D2,S2
MB20_130_ct3_7@Chunk_11,NODE_7_length_320215_cov_14.030520,Caudoviricetes sp. ctORAA0,35454,None,38,10,0,0,Putative tail length tape measure protein |major tail protein|tail component|Head tail adaptor|Head Tail Connector Protein|Major Capsid Protein|prohead serine protease|Portal protein|Large Terminase|Small Terminase,,NA,d_Viruses;-_Duplodnaviria;k_Heunggongvirae;p_Uroviricota;c_Caudoviricetes,prodigal-gv,11,NA,MB20-130,MB20-130_L2contigs,Bacteroides ovatus,Bacteroides,D2-S2,D2,S2
MB20_133_ct3_1@Chunk_26,NODE_1_length_519741_cov_23.360356,Caudoviricetes sp. ctYD2M8,29500,None,39,11,0,0,Small Terminase|Large Terminase|Portal protein|Head fiber protein|prohead serine protease|Major Capsid Protein|Head Tail Connector Protein|Head tail adaptor|tail component|major tail protein|Putative tail length tape measure protein ,NA,NA,d_Viruses;-_Duplodnaviria;k_Heunggongvirae;p_Uroviricota;c_Caudoviricetes,prodigal-gv,11,NA,MB20-133,MB20-133,Phocaeicola massiliensis,Phocaeicola,D2-S2,D2,S2
MB20_133_ct3_7@Chunk_2,NODE_7_length_257795_cov_23.435584,unclassified virus sp. ctDKOU2,66637,None,69,2,0,0,Tail protein|Baseplate wedge protein,NA,NA,,prodigal-gv,11,NA,MB20-133,MB20-133,Phocaeicola massiliensis,Phocaeicola,D2-S2,D2,S2
MB20_137_ct3_11@Chunk_9,NODE_11_length_200126_cov_17.212211,Caudoviricetes sp. ct7SS1J,86091,None,120,6,1,0,Small Terminase|Large Terminase|Portal protein|Major Capsid protein|Distal Tail Protein|Minor tail fiber protein,DNA helicase,NA,d_Viruses;-_Duplodnaviria;k_Heunggongvirae;p_Uroviricota;c_Caudoviricetes,prodigal-gv,11,NA,MB20-137,MB20-137_L2acontigs,Bacteroides ovatus,Bacteroides,D2-S2,D2,S2
MB20_137_ct3_22@Chunk_2,NODE_22_length_109487_cov_17.999278,unclassified virus sp. ctYWX38,59179,None,62,2,0,0,Tail protein|Baseplate wedge protein,,NA,,prodigal-gv,11,NA,MB20-137,MB20-137_L2acontigs,Bacteroides ovatus,Bacteroides,D2-S2,D2,S2
MB20_137_ct3_6@Chunk_14,NODE_6_length_320203_cov_16.925852,Caudoviricetes sp. ct32N15,35454,None,38,10,0,0,Small Terminase|Large Terminase|Portal protein|prohead serine protease|Major Capsid Protein|Head Tail Connector Protein|Head tail adaptor|tail component|major tail protein|Putative tail length tape measure protein ,,NA,d_Viruses;-_Duplodnaviria;k_Heunggongvirae;p_Uroviricota;c_Caudoviricetes,prodigal-gv,11,NA,MB20-137,MB20-137_L2acontigs,Bacteroides ovatus,Bacteroides,D2-S2,D2,S2
MB20_138_ct3_16@Chunk_0,NODE_16_length_159058_cov_19.736936,Caudoviricetes sp. ct1RJW0,69616,None,102,5,1,0,Distal Tail Protein|Major Capsid protein|Portal protein|Large Terminase|Small Terminase,DNA helicase,NA,d_Viruses;-_Duplodnaviria;k_Heunggongvirae;p_Uroviricota;c_Caudoviricetes,prodigal-gv,11,NA,MB20-138,MB20-138_contigs,Bacteroides ovatus,Bacteroides,D2-S2,D2,S2
MB20_138_ct3_24@Chunk_0,NODE_24_length_87217_cov_19.436342,unclassified virus sp. ct0AO85,59709,None,63,2,0,0,Tail protein|Baseplate wedge protein,,NA,,prodigal-gv,11,NA,MB20-138,MB20-138_contigs,Bacteroides ovatus,Bacteroides,D2-S2,D2,S2
MB20_138_ct3_8@Chunk_11,NODE_8_length_320205_cov_18.424156,Caudoviricetes sp. ct24ATX,35454,None,38,10,0,0,Putative tail length tape measure protein |major tail protein|tail component|Head tail adaptor|Head Tail Connector Protein|Major Capsid Protein|prohead serine protease|Portal protein|Large Terminase|Small Terminase,,NA,d_Viruses;-_Duplodnaviria;k_Heunggongvirae;p_Uroviricota;c_Caudoviricetes,prodigal-gv,11,NA,MB20-138,MB20-138_contigs,Bacteroides ovatus,Bacteroides,D2-S2,D2,S2
MB20_15_ct3_11@Chunk_1,NODE_11_length_199677_cov_11.150128,Caudoviricetes sp. ctHRI4X,85106,None,119,6,1,0,Minor tail fiber protein|Distal Tail Protein|Major Capsid protein|Portal protein|Large Terminase|Small Terminase,DNA helicase,NA,d_Viruses;-_Duplodnaviria;k_Heunggongvirae;p_Uroviricota;c_Caudoviricetes,prodigal-gv,11,NA,MB20-15,MB20-15_L3_contigs,Bacteroides ovatus,Bacteroides,D2-S1,D2,S1
MB20_15_ct3_14@Chunk_0,NODE_14_length_179497_cov_11.095596,Caudoviricetes sp. ct517QL,30308,None,34,10,0,0,Putative tail length tape measure protein |major tail protein|tail component|Head tail adaptor|Head Tail Connector Protein|Major Capsid Protein|prohead serine protease|Portal protein|Large Terminase|Small Terminase,,NA,d_Viruses;-_Duplodnaviria;k_Heunggongvirae;p_Uroviricota;c_Caudoviricetes,prodigal-gv,11,NA,MB20-15,MB20-15_L3_contigs,Bacteroides ovatus,Bacteroides,D2-S1,D2,S1
MB20_15_ct3_24@Chunk_0,NODE_24_length_87217_cov_11.794879,unclassified virus sp. ct1RBK4,59709,None,63,2,0,0,Tail protein|Baseplate wedge protein,,NA,,prodigal-gv,11,NA,MB20-15,MB20-15_L3_contigs,Bacteroides ovatus,Bacteroides,D2-S1,D2,S1
MB20_153_ct3_19@Chunk_12,NODE_19_length_144862_cov_18.048102,Caudoviricetes sp. ct9OG9W,29295,None,46,9,0,0,Large Terminase|Portal protein|prohead serine protease|Major Capsid Protein|Head Tail Connector Protein|Head tail adaptor|tail component|major tail protein|Putative tail length tape measure protein ,NA,NA,d_Viruses;-_Duplodnaviria;k_Heunggongvirae;p_Uroviricota;c_Caudoviricetes,prodigal-gv,11,NA,MB20-153,MB20-153_contigs.fasta,Bacteroides thetaiotamicron,Bacteroides,D2-S2,D2,S2
MB20_153_ct3_2@Chunk_0,NODE_2_length_540713_cov_17.349556,Caudoviricetes sp. ctLCPC7,27914,None,29,6,0,0,Portal Protein|minor capsid component|Major Capsid protein|tail sheath|minor tail protein|Tail protein,NA,NA,d_Viruses;-_Duplodnaviria;k_Heunggongvirae;p_Uroviricota;c_Caudoviricetes,prodigal-gv,11,NA,MB20-153,MB20-153_contigs.fasta,Bacteroides thetaiotamicron,Bacteroides,D2-S2,D2,S2
MB20_153_ct3_2@Chunk_14,NODE_2_length_540713_cov_17.349556,Caudoviricetes sp. ct4FO08,49149,None,49,10,0,0,Putative tail length tape measure protein |major tail protein|tail component|Head tail adaptor|Head Tail Connector Protein|Major Capsid Protein|prohead serine protease|Portal protein|Large Terminase|Small Terminase,NA,NA,d_Viruses;-_Duplodnaviria;k_Heunggongvirae;p_Uroviricota;c_Caudoviricetes,prodigal-gv,11,NA,MB20-153,MB20-153_contigs.fasta,Bacteroides thetaiotamicron,Bacteroides,D2-S2,D2,S2
MB20_153_ct3_29@Chunk_0,NODE_29_length_49004_cov_17.060397,unclassified virus sp. ctVN7YN,49005,None,51,2,0,0,Tail protein|Baseplate wedge protein,NA,NA,,prodigal-gv,11,NA,MB20-153,MB20-153_contigs.fasta,Bacteroides thetaiotamicron,Bacteroides,D2-S2,D2,S2
MB20_153_ct3_3@Chunk_20,NODE_3_length_513220_cov_17.397758,Caudoviricetes sp. ctO2TE5,51774,None,65,8,0,0,Small Terminase|Large Terminase|Portal protein|minor capsid protein|Head fiber protein|Major Capsid Protein|Distal Tail Protein|Tail collar fibre protein,NA,NA,d_Viruses;-_Duplodnaviria;k_Heunggongvirae;p_Uroviricota;c_Caudoviricetes,prodigal-gv,11,NA,MB20-153,MB20-153_contigs.fasta,Bacteroides thetaiotamicron,Bacteroides,D2-S2,D2,S2
MB20_153_ct3_32@Chunk_0,NODE_32_length_22344_cov_55.903362,Caudoviricetes sp. ct08ZKJ,22345,None,32,7,0,0,Tail morphogenesis protein|minor capsid component|Portal protein|head to tail adaptor|Large Terminase|Major Capsid protein|tail tape measure protein,NA,NA,d_Viruses;-_Duplodnaviria;k_Heunggongvirae;p_Uroviricota;c_Caudoviricetes,prodigal-gv,11,NA,MB20-153,MB20-153_contigs.fasta,Bacteroides thetaiotamicron,Bacteroides,D2-S2,D2,S2
MB20_156_ct3_1@Chunk_15,NODE_1_length_659438_cov_21.762790,Pachyviridae sp. ctPO21F,25743,None,27,2,1,0,Large Terminase|virion envelope protein A14,Replicative helicase,NA,d_Viruses;-_Duplodnaviria;k_Heunggongvirae;p_Uroviricota;c_Caudoviricetes;f_Pachyviridae,prodigal-gv,11,NA,MB20-156,MB20-156,Bacteroides uniformis,Bacteroides,D2-S2,D2,S2
MB20_156_ct3_16@Chunk_1,NODE_16_length_122151_cov_21.340695,Caudoviricetes sp. ctUYYYO,49355,None,65,9,1,0,tail tape measure protein|virion protein|Major Capsid Protein|prohead serine protease|Large Terminase|head to tail adaptor|Portal Protein|minor capsid component|Tail morphogenesis protein,DNAB Like Replicative Helicase,NA,d_Viruses;-_Duplodnaviria;k_Heunggongvirae;p_Uroviricota;c_Caudoviricetes,prodigal-gv,11,NA,MB20-156,MB20-156,Bacteroides uniformis,Bacteroides,D2-S2,D2,S2
MB20_156_ct3_5@Chunk_0,NODE_5_length_292689_cov_21.019917,unclassified virus sp. ct5SJ9U,68064,None,69,2,0,0,Tail protein|Baseplate wedge protein,,NA,,prodigal-gv,11,NA,MB20-156,MB20-156,Bacteroides uniformis,Bacteroides,D2-S2,D2,S2
MB20_157_ct3_1@Chunk_30,NODE_1_length_447420_cov_22.580888,Pachyviridae sp. ct46HEF,25743,None,27,2,1,0,virion envelope protein A14|Large Terminase,Replicative helicase,NA,d_Viruses;-_Duplodnaviria;k_Heunggongvirae;p_Uroviricota;c_Caudoviricetes;f_Pachyviridae,prodigal-gv,11,NA,MB20-157,MB20-157,Bacteroides uniformis,Bacteroides,D2-S2,D2,S2
MB20_157_ct3_18@Chunk_5,NODE_18_length_122151_cov_22.437783,Caudoviricetes sp. ct5CDN1,49355,None,65,9,1,0,Tail morphogenesis protein|minor capsid component|Portal Protein|head to tail adaptor|Large Terminase|prohead serine protease|Major Capsid Protein|virion protein|tail tape measure protein,DNAB Like Replicative Helicase,NA,d_Viruses;-_Duplodnaviria;k_Heunggongvirae;p_Uroviricota;c_Caudoviricetes,prodigal-gv,11,NA,MB20-157,MB20-157,Bacteroides uniformis,Bacteroides,D2-S2,D2,S2
MB20_157_ct3_5@Chunk_9,NODE_5_length_292689_cov_21.815096,unclassified virus sp. ctMH1XG,68065,None,69,2,0,0,Baseplate wedge protein|Tail protein,,NA,,prodigal-gv,11,NA,MB20-157,MB20-157,Bacteroides uniformis,Bacteroides,D2-S2,D2,S2
MB20_163_ct3_1@Chunk_14,NODE_1_length_642157_cov_14.110777,Caudoviricetes sp. ctQYAQ9,35454,None,38,10,0,0,Small Terminase|Large Terminase|Portal protein|prohead serine protease|Major Capsid Protein|Head Tail Connector Protein|Head tail adaptor|tail component|major tail protein|Putative tail length tape measure protein ,,NA,d_Viruses;-_Duplodnaviria;k_Heunggongvirae;p_Uroviricota;c_Caudoviricetes,prodigal-gv,11,NA,MB20-163,MB20-163_L4contigs,Bacteroides ovatus,Bacteroides,D2-S2,D2,S2
MB20_163_ct3_13@Chunk_1,NODE_13_length_200126_cov_14.375617,Caudoviricetes sp. ctEIYQW,85106,None,119,6,1,0,Minor tail fiber protein|Distal Tail Protein|Major Capsid protein|Portal protein|Large Terminase|Small Terminase,DNA helicase,NA,d_Viruses;-_Duplodnaviria;k_Heunggongvirae;p_Uroviricota;c_Caudoviricetes,prodigal-gv,11,NA,MB20-163,MB20-163_L4contigs,Bacteroides ovatus,Bacteroides,D2-S2,D2,S2
MB20_163_ct3_24@Chunk_0,NODE_24_length_87217_cov_14.880985,unclassified virus sp. ctYCK0G,59709,None,63,2,0,0,Tail protein|Baseplate wedge protein,,NA,,prodigal-gv,11,NA,MB20-163,MB20-163_L4contigs,Bacteroides ovatus,Bacteroides,D2-S2,D2,S2
MB20_168_ct3_11@Chunk_3,NODE_11_length_231769_cov_17.432240,Caudoviricetes sp. ctOZG08,68264,None,116,6,1,0,Portal Protein|minor capsid component|Major Capsid protein|tail sheath|minor tail protein|Tail protein,Large T antigen,NA,d_Viruses;-_Duplodnaviria;k_Heunggongvirae;p_Uroviricota;c_Caudoviricetes,prodigal-gv,11,NA,MB20-168,MB20-168_L2contigs.fasta,Bacteroides thetaiotamicron,Bacteroides,D2-S2,D2,S2
MB20_168_ct3_2@Chunk_20,NODE_2_length_513223_cov_16.682007,Caudoviricetes sp. ct6G3RX,51774,None,65,8,0,0,Small Terminase|Large Terminase|Portal protein|minor capsid protein|Head fiber protein|Major Capsid Protein|Distal Tail Protein|Tail collar fibre protein,,NA,d_Viruses;-_Duplodnaviria;k_Heunggongvirae;p_Uroviricota;c_Caudoviricetes,prodigal-gv,11,NA,MB20-168,MB20-168_L2contigs.fasta,Bacteroides thetaiotamicron,Bacteroides,D2-S2,D2,S2
MB20_168_ct3_21@Chunk_12,NODE_21_length_144862_cov_16.872146,Caudoviricetes sp. ctBW0DJ,29295,None,46,9,0,0,Large Terminase|Portal protein|prohead serine protease|Major Capsid Protein|Head Tail Connector Protein|Head tail adaptor|tail component|major tail protein|Putative tail length tape measure protein ,,NA,d_Viruses;-_Duplodnaviria;k_Heunggongvirae;p_Uroviricota;c_Caudoviricetes,prodigal-gv,11,NA,MB20-168,MB20-168_L2contigs.fasta,Bacteroides thetaiotamicron,Bacteroides,D2-S2,D2,S2
MB20_168_ct3_31@Chunk_0,NODE_31_length_49004_cov_15.960145,unclassified virus sp. ctXV29M,49005,None,51,2,0,0,Baseplate wedge protein|Tail protein,,NA,,prodigal-gv,11,NA,MB20-168,MB20-168_L2contigs.fasta,Bacteroides thetaiotamicron,Bacteroides,D2-S2,D2,S2
MB20_168_ct3_35@Chunk_0,NODE_35_length_23892_cov_51.187250,Caudoviricetes sp. ctR3XTM,23893,None,33,7,0,0,Tail morphogenesis protein|minor capsid component|Portal protein|head to tail adaptor|Large Terminase|Major Capsid protein|tail tape measure protein,,NA,d_Viruses;-_Duplodnaviria;k_Heunggongvirae;p_Uroviricota;c_Caudoviricetes,prodigal-gv,11,NA,MB20-168,MB20-168_L2contigs.fasta,Bacteroides thetaiotamicron,Bacteroides,D2-S2,D2,S2
MB20_168_ct3_5@Chunk_20,NODE_5_length_370338_cov_16.351643,Caudoviricetes sp. ctBYOXV,49149,None,49,10,0,0,Small Terminase|Large Terminase|Portal protein|prohead serine protease|Major Capsid Protein|Head Tail Connector Protein|Head tail adaptor|tail component|major tail protein|Putative tail length tape measure protein ,,NA,d_Viruses;-_Duplodnaviria;k_Heunggongvirae;p_Uroviricota;c_Caudoviricetes,prodigal-gv,11,NA,MB20-168,MB20-168_L2contigs.fasta,Bacteroides thetaiotamicron,Bacteroides,D2-S2,D2,S2
MB20_17_ct3_11@Chunk_9,NODE_11_length_231727_cov_16.630358,Caudoviricetes sp. ct0R4LY,68222,None,116,6,1,0,Tail protein|minor tail protein|tail sheath|Major Capsid protein|minor capsid component|Portal Protein,Large T antigen,NA,d_Viruses;-_Duplodnaviria;k_Heunggongvirae;p_Uroviricota;c_Caudoviricetes,prodigal-gv,11,NA,MB20-17,MB20-17_L1_contigs.fasta,Bacteroides thetaiotamicron,Bacteroides,D2-S1,D2,S1
MB20_17_ct3_2@Chunk_20,NODE_2_length_513475_cov_15.614840,Caudoviricetes sp. ctZV2J2,51774,None,65,8,0,0,Small Terminase|Large Terminase|Portal protein|minor capsid protein|Head fiber protein|Major Capsid Protein|Distal Tail Protein|Tail collar fibre protein,,NA,d_Viruses;-_Duplodnaviria;k_Heunggongvirae;p_Uroviricota;c_Caudoviricetes,prodigal-gv,11,NA,MB20-17,MB20-17_L1_contigs.fasta,Bacteroides thetaiotamicron,Bacteroides,D2-S1,D2,S1
MB20_17_ct3_21@Chunk_12,NODE_21_length_144862_cov_15.538336,Caudoviricetes sp. ctTPNNA,29295,None,46,9,0,0,Large Terminase|Portal protein|prohead serine protease|Major Capsid Protein|Head Tail Connector Protein|Head tail adaptor|tail component|major tail protein|Putative tail length tape measure protein ,,NA,d_Viruses;-_Duplodnaviria;k_Heunggongvirae;p_Uroviricota;c_Caudoviricetes,prodigal-gv,11,NA,MB20-17,MB20-17_L1_contigs.fasta,Bacteroides thetaiotamicron,Bacteroides,D2-S1,D2,S1
MB20_17_ct3_26@Chunk_2,NODE_26_length_114199_cov_15.513956,unclassified virus sp. ct1FA1H,48475,None,50,2,0,0,Tail protein|Baseplate wedge protein,,NA,,prodigal-gv,11,NA,MB20-17,MB20-17_L1_contigs.fasta,Bacteroides thetaiotamicron,Bacteroides,D2-S1,D2,S1
MB20_17_ct3_33@Chunk_0,NODE_33_length_22344_cov_43.762929,Caudoviricetes sp. ctB7P2W,22345,None,32,7,0,0,tail tape measure protein|Major Capsid protein|Large Terminase|head to tail adaptor|Portal protein|minor capsid component|Tail morphogenesis protein,,NA,d_Viruses;-_Duplodnaviria;k_Heunggongvirae;p_Uroviricota;c_Caudoviricetes,prodigal-gv,11,NA,MB20-17,MB20-17_L1_contigs.fasta,Bacteroides thetaiotamicron,Bacteroides,D2-S1,D2,S1
MB20_17_ct3_4@Chunk_20,NODE_4_length_370338_cov_15.639635,Caudoviricetes sp. ctSICLL,49149,None,49,10,0,0,Small Terminase|Large Terminase|Portal protein|prohead serine protease|Major Capsid Protein|Head Tail Connector Protein|Head tail adaptor|tail component|major tail protein|Putative tail length tape measure protein ,,NA,d_Viruses;-_Duplodnaviria;k_Heunggongvirae;p_Uroviricota;c_Caudoviricetes,prodigal-gv,11,NA,MB20-17,MB20-17_L1_contigs.fasta,Bacteroides thetaiotamicron,Bacteroides,D2-S1,D2,S1
MB20_177_ct3_15@Chunk_0,NODE_15_length_170236_cov_11.919687,Caudoviricetes sp. ct4CBJX,27893,None,29,6,0,0,Portal Protein|minor capsid component|Major Capsid protein|tail sheath|minor tail protein|Tail protein,NA,NA,d_Viruses;-_Duplodnaviria;k_Heunggongvirae;p_Uroviricota;c_Caudoviricetes,prodigal-gv,11,NA,MB20-177,MB20-177_L1contigs.fasta,Bacteroides thetaiotamicron,Bacteroides,D2-S2,D2,S2
MB20_177_ct3_2@Chunk_8,NODE_2_length_513223_cov_11.096569,Caudoviricetes sp. ctL889P,51774,None,65,8,0,0,Tail collar fibre protein|Distal Tail Protein|Major Capsid Protein|Head fiber protein|minor capsid protein|Portal protein|Large Terminase|Small Terminase,NA,NA,d_Viruses;-_Duplodnaviria;k_Heunggongvirae;p_Uroviricota;c_Caudoviricetes,prodigal-gv,11,NA,MB20-177,MB20-177_L1contigs.fasta,Bacteroides thetaiotamicron,Bacteroides,D2-S2,D2,S2
MB20_177_ct3_20@Chunk_0,NODE_20_length_144862_cov_11.239389,Caudoviricetes sp. ct7NSBQ,29294,None,46,9,0,0,Putative tail length tape measure protein |major tail protein|tail component|Head tail adaptor|Head Tail Connector Protein|Major Capsid Protein|prohead serine protease|Portal protein|Large Terminase,NA,NA,d_Viruses;-_Duplodnaviria;k_Heunggongvirae;p_Uroviricota;c_Caudoviricetes,prodigal-gv,11,NA,MB20-177,MB20-177_L1contigs.fasta,Bacteroides thetaiotamicron,Bacteroides,D2-S2,D2,S2
MB20_177_ct3_32@Chunk_0,NODE_32_length_22344_cov_31.281181,Caudoviricetes sp. ct0EWVE,22345,None,32,7,0,0,Tail morphogenesis protein|minor capsid component|Portal protein|head to tail adaptor|Large Terminase|Major Capsid protein|tail tape measure protein,NA,NA,d_Viruses;-_Duplodnaviria;k_Heunggongvirae;p_Uroviricota;c_Caudoviricetes,prodigal-gv,11,NA,MB20-177,MB20-177_L1contigs.fasta,Bacteroides thetaiotamicron,Bacteroides,D2-S2,D2,S2
MB20_177_ct3_4@Chunk_25,NODE_4_length_393637_cov_10.600877,unclassified virus sp. ctRP80Z,48475,None,50,2,0,0,Tail protein|Baseplate wedge protein,NA,NA,,prodigal-gv,11,NA,MB20-177,MB20-177_L1contigs.fasta,Bacteroides thetaiotamicron,Bacteroides,D2-S2,D2,S2
MB20_177_ct3_5@Chunk_3,NODE_5_length_370338_cov_10.908774,Caudoviricetes sp. ctFJYC5,49149,None,49,10,0,0,Putative tail length tape measure protein |major tail protein|tail component|Head tail adaptor|Head Tail Connector Protein|Major Capsid Protein|prohead serine protease|Portal protein|Large Terminase|Small Terminase,NA,NA,d_Viruses;-_Duplodnaviria;k_Heunggongvirae;p_Uroviricota;c_Caudoviricetes,prodigal-gv,11,NA,MB20-177,MB20-177_L1contigs.fasta,Bacteroides thetaiotamicron,Bacteroides,D2-S2,D2,S2
MB20_185_ct3_3@Chunk_0,NODE_3_length_165184_cov_13.320241,unclassified virus sp. ctNM6T5,62110,None,64,2,0,0,Tail protein|Baseplate wedge protein,NA,NA,,prodigal-gv,11,NA,MB20-185,MB20-185_contigs,Phocaeicola vulgatus,Phocaeicola,D2-S2,D2,S2
MB20_185_ct3_31@Chunk_2,NODE_31_length_63296_cov_102.869968,Caudoviricetes sp. ctJ0Y6G,26791,None,31,3,0,0,Large Terminase|Major Capsid Protein|Portal protein,NA,NA,d_Viruses;-_Duplodnaviria;k_Heunggongvirae;p_Uroviricota;c_Caudoviricetes,prodigal-gv,11,NA,MB20-185,MB20-185_contigs,Phocaeicola vulgatus,Phocaeicola,D2-S2,D2,S2
MB20_19_ct3_2@Chunk_14,NODE_2_length_642157_cov_20.814460,Caudoviricetes sp. ctD3L8B,35454,None,38,10,0,0,Small Terminase|Large Terminase|Portal protein|prohead serine protease|Major Capsid Protein|Head Tail Connector Protein|Head tail adaptor|tail component|major tail protein|Putative tail length tape measure protein ,,NA,d_Viruses;-_Duplodnaviria;k_Heunggongvirae;p_Uroviricota;c_Caudoviricetes,prodigal-gv,11,NA,MB20-19,MB20-19_L4_contigs,Bacteroides ovatus,Bacteroides,D2-S1,D2,S1
MB20_19_ct3_21@Chunk_5,NODE_21_length_87217_cov_21.545252,unclassified virus sp. ctLU1L5,59710,None,63,2,0,0,Baseplate wedge protein|Tail protein,,NA,,prodigal-gv,11,NA,MB20-19,MB20-19_L4_contigs,Bacteroides ovatus,Bacteroides,D2-S1,D2,S1
MB20_19_ct3_3@Chunk_29,NODE_3_length_520804_cov_21.714228,Caudoviricetes sp. ctUDF7I,86091,None,120,6,1,0,Small Terminase|Large Terminase|Portal protein|Major Capsid protein|Distal Tail Protein|Minor tail fiber protein,DNA helicase,NA,d_Viruses;-_Duplodnaviria;k_Heunggongvirae;p_Uroviricota;c_Caudoviricetes,prodigal-gv,11,NA,MB20-19,MB20-19_L4_contigs,Bacteroides ovatus,Bacteroides,D2-S1,D2,S1
MB20_195_ct3_20@Chunk_2,NODE_20_length_109487_cov_11.893325,unclassified virus sp. ctHGPNJ,59179,None,62,2,0,0,Tail protein|Baseplate wedge protein,,NA,,prodigal-gv,11,NA,MB20-195,MB20-195_L2contigs,Bacteroides ovatus,Bacteroides,D2-S2,D2,S2
MB20_195_ct3_5@Chunk_19,NODE_5_length_381440_cov_11.287433,Caudoviricetes sp. ctRGLCF,86091,None,120,6,1,0,Small Terminase|Large Terminase|Portal protein|Major Capsid protein|Distal Tail Protein|Minor tail fiber protein,DNA helicase,NA,d_Viruses;-_Duplodnaviria;k_Heunggongvirae;p_Uroviricota;c_Caudoviricetes,prodigal-gv,11,NA,MB20-195,MB20-195_L2contigs,Bacteroides ovatus,Bacteroides,D2-S2,D2,S2
MB20_195_ct3_8@Chunk_11,NODE_8_length_320194_cov_10.745916,Caudoviricetes sp. ctZFTDL,35454,None,38,10,0,0,Putative tail length tape measure protein |major tail protein|tail component|Head tail adaptor|Head Tail Connector Protein|Major Capsid Protein|prohead serine protease|Portal protein|Large Terminase|Small Terminase,,NA,d_Viruses;-_Duplodnaviria;k_Heunggongvirae;p_Uroviricota;c_Caudoviricetes,prodigal-gv,11,NA,MB20-195,MB20-195_L2contigs,Bacteroides ovatus,Bacteroides,D2-S2,D2,S2
MB20_198_ct3_13@Chunk_9,NODE_13_length_200126_cov_7.127921,Caudoviricetes sp. ctMKYT0,86091,None,120,6,1,0,Small Terminase|Large Terminase|Portal protein|Major Capsid protein|Distal Tail Protein|Minor tail fiber protein,DNA helicase,NA,d_Viruses;-_Duplodnaviria;k_Heunggongvirae;p_Uroviricota;c_Caudoviricetes,prodigal-gv,11,NA,MB20-198,MB20-198_L2contigs,Bacteroides ovatus,Bacteroides,D2-S2,D2,S2
MB20_198_ct3_24@Chunk_0,NODE_24_length_87217_cov_7.402319,unclassified virus sp. ctZ71KH,59709,None,63,2,0,0,Tail protein|Baseplate wedge protein,,NA,,prodigal-gv,11,NA,MB20-198,MB20-198_L2contigs,Bacteroides ovatus,Bacteroides,D2-S2,D2,S2
MB20_198_ct3_7@Chunk_11,NODE_7_length_320212_cov_6.789418,Caudoviricetes sp. ctYL62S,35454,None,38,10,0,0,Putative tail length tape measure protein |major tail protein|tail component|Head tail adaptor|Head Tail Connector Protein|Major Capsid Protein|prohead serine protease|Portal protein|Large Terminase|Small Terminase,,NA,d_Viruses;-_Duplodnaviria;k_Heunggongvirae;p_Uroviricota;c_Caudoviricetes,prodigal-gv,11,NA,MB20-198,MB20-198_L2contigs,Bacteroides ovatus,Bacteroides,D2-S2,D2,S2
MB20_206_ct3_2@Chunk_1,NODE_2_length_394753_cov_51.740088,Caudoviricetes sp. ctG14IQ,29500,None,39,11,0,0,Putative tail length tape measure protein |major tail protein|tail component|Head tail adaptor|Head Tail Connector Protein|Major Capsid Protein|prohead serine protease|Head fiber protein|Portal protein|Large Terminase|Small Terminase,NA,NA,d_Viruses;-_Duplodnaviria;k_Heunggongvirae;p_Uroviricota;c_Caudoviricetes,prodigal-gv,11,NA,MB20-206,MB20-206,Phocaeicola massiliensis,Phocaeicola,D2-S2,D2,S2
MB20_210_ct3_1@Chunk_0,NODE_1_length_540692_cov_9.365915,Caudoviricetes sp. ctB84O7,27893,None,29,6,0,0,Portal Protein|minor capsid component|Major Capsid protein|tail sheath|minor tail protein|Tail protein,NA,NA,d_Viruses;-_Duplodnaviria;k_Heunggongvirae;p_Uroviricota;c_Caudoviricetes,prodigal-gv,11,NA,MB20-210,MB20-210_contigs.fasta,Bacteroides thetaiotamicron,Bacteroides,D2-S2,D2,S2
MB20_210_ct3_1@Chunk_14,NODE_1_length_540692_cov_9.365915,Caudoviricetes sp. ctJAFJV,49149,None,49,10,0,0,Putative tail length tape measure protein |major tail protein|tail component|Head tail adaptor|Head Tail Connector Protein|Major Capsid Protein|prohead serine protease|Portal protein|Large Terminase|Small Terminase,NA,NA,d_Viruses;-_Duplodnaviria;k_Heunggongvirae;p_Uroviricota;c_Caudoviricetes,prodigal-gv,11,NA,MB20-210,MB20-210_contigs.fasta,Bacteroides thetaiotamicron,Bacteroides,D2-S2,D2,S2
MB20_210_ct3_18@Chunk_0,NODE_18_length_144862_cov_8.881915,Caudoviricetes sp. ct0UMP8,29294,None,46,9,0,0,Putative tail length tape measure protein |major tail protein|tail component|Head tail adaptor|Head Tail Connector Protein|Major Capsid Protein|prohead serine protease|Portal protein|Large Terminase,NA,NA,d_Viruses;-_Duplodnaviria;k_Heunggongvirae;p_Uroviricota;c_Caudoviricetes,prodigal-gv,11,NA,MB20-210,MB20-210_contigs.fasta,Bacteroides thetaiotamicron,Bacteroides,D2-S2,D2,S2
MB20_210_ct3_23@Chunk_2,NODE_23_length_114199_cov_8.524660,unclassified virus sp. ctPLIRJ,48475,None,50,2,0,0,Tail protein|Baseplate wedge protein,NA,NA,,prodigal-gv,11,NA,MB20-210,MB20-210_contigs.fasta,Bacteroides thetaiotamicron,Bacteroides,D2-S2,D2,S2
MB20_210_ct3_3@Chunk_8,NODE_3_length_513223_cov_9.026728,Caudoviricetes sp. ctVY7FT,51774,None,65,8,0,0,Tail collar fibre protein|Distal Tail Protein|Major Capsid Protein|Head fiber protein|minor capsid protein|Portal protein|Large Terminase|Small Terminase,NA,NA,d_Viruses;-_Duplodnaviria;k_Heunggongvirae;p_Uroviricota;c_Caudoviricetes,prodigal-gv,11,NA,MB20-210,MB20-210_contigs.fasta,Bacteroides thetaiotamicron,Bacteroides,D2-S2,D2,S2
MB20_210_ct3_38@Chunk_0,NODE_38_length_22344_cov_22.105550,Caudoviricetes sp. ctLDN84,22345,None,32,7,0,0,Tail morphogenesis protein|minor capsid component|Portal protein|head to tail adaptor|Large Terminase|Major Capsid protein|tail tape measure protein,NA,NA,d_Viruses;-_Duplodnaviria;k_Heunggongvirae;p_Uroviricota;c_Caudoviricetes,prodigal-gv,11,NA,MB20-210,MB20-210_contigs.fasta,Bacteroides thetaiotamicron,Bacteroides,D2-S2,D2,S2
MB20_212_ct3_21@Chunk_5,NODE_21_length_109488_cov_12.241933,unclassified virus sp. ctA4Y6B,59179,None,62,2,0,0,Baseplate wedge protein|Tail protein,,NA,,prodigal-gv,11,NA,MB20-212,MB20-212_contigs,Bacteroides ovatus,Bacteroides,D2-S2,D2,S2
MB20_212_ct3_4@Chunk_1,NODE_4_length_381535_cov_11.908015,Caudoviricetes sp. ctN2IAN,85106,None,119,6,1,0,Minor tail fiber protein|Distal Tail Protein|Major Capsid protein|Portal protein|Large Terminase|Small Terminase,DNA helicase,NA,d_Viruses;-_Duplodnaviria;k_Heunggongvirae;p_Uroviricota;c_Caudoviricetes,prodigal-gv,11,NA,MB20-212,MB20-212_contigs,Bacteroides ovatus,Bacteroides,D2-S2,D2,S2
MB20_212_ct3_9@Chunk_11,NODE_9_length_320204_cov_11.382873,Caudoviricetes sp. ctAHJT2,35454,None,38,10,0,0,Putative tail length tape measure protein |major tail protein|tail component|Head tail adaptor|Head Tail Connector Protein|Major Capsid Protein|prohead serine protease|Portal protein|Large Terminase|Small Terminase,,NA,d_Viruses;-_Duplodnaviria;k_Heunggongvirae;p_Uroviricota;c_Caudoviricetes,prodigal-gv,11,NA,MB20-212,MB20-212_contigs,Bacteroides ovatus,Bacteroides,D2-S2,D2,S2
MB20_216_ct3_1@Chunk_30,NODE_1_length_659544_cov_17.212336,Pachyviridae sp. ct6I2HY,25743,None,27,2,1,0,virion envelope protein A14|Large Terminase,Replicative helicase,NA,d_Viruses;-_Duplodnaviria;k_Heunggongvirae;p_Uroviricota;c_Caudoviricetes;f_Pachyviridae,prodigal-gv,11,NA,MB20-216,MB20-216,Bacteroides uniformis,Bacteroides,D2-S2,D2,S2
MB20_216_ct3_17@Chunk_1,NODE_17_length_122151_cov_16.278314,Caudoviricetes sp. ctI0RMT,49355,None,65,9,1,0,tail tape measure protein|virion protein|Major Capsid Protein|prohead serine protease|Large Terminase|head to tail adaptor|Portal Protein|minor capsid component|Tail morphogenesis protein,DNAB Like Replicative Helicase,NA,d_Viruses;-_Duplodnaviria;k_Heunggongvirae;p_Uroviricota;c_Caudoviricetes,prodigal-gv,11,NA,MB20-216,MB20-216,Bacteroides uniformis,Bacteroides,D2-S2,D2,S2
MB20_216_ct3_5@Chunk_0,NODE_5_length_292689_cov_16.064462,unclassified virus sp. ct85NUD,68064,None,69,2,0,0,Tail protein|Baseplate wedge protein,,NA,,prodigal-gv,11,NA,MB20-216,MB20-216,Bacteroides uniformis,Bacteroides,D2-S2,D2,S2
MB20_219_ct3_2@Chunk_8,NODE_2_length_183526_cov_18.109384,Caudoviricetes sp. ctOO46A,43980,None,48,7,0,0,tail tape measure protein|Major Capsid protein|Large Terminase|head to tail adaptor|Portal protein|minor capsid component|Tail morphogenesis protein,,NA,d_Viruses;-_Duplodnaviria;k_Heunggongvirae;p_Uroviricota;c_Caudoviricetes,prodigal-gv,11,NA,MB20-219,MB20-219_contigs,Phocaeicola vulgatus,Phocaeicola,D2-S2,D2,S2
MB20_219_ct3_4@Chunk_0,NODE_4_length_153395_cov_18.847581,unclassified virus sp. ctA7Q7M,62110,None,64,2,0,0,Tail protein|Baseplate wedge protein,,NA,,prodigal-gv,11,NA,MB20-219,MB20-219_contigs,Phocaeicola vulgatus,Phocaeicola,D2-S2,D2,S2
MB20_219_ct3_9@Chunk_2,NODE_9_length_127906_cov_22.002645,Caudoviricetes sp. ctZHD85,42252,None,60,3,1,0,Large Terminase|Major Capsid Protein|Portal protein,Replicative helicase,NA,d_Viruses;-_Duplodnaviria;k_Heunggongvirae;p_Uroviricota;c_Caudoviricetes,prodigal-gv,11,NA,MB20-219,MB20-219_contigs,Phocaeicola vulgatus,Phocaeicola,D2-S2,D2,S2
MB20_225_ct3_19@Chunk_5,NODE_19_length_77259_cov_10.131748,unclassified virus sp. ct503GL,9478,None,14,2,0,0,virion envelope protein A14|Large Terminase,NA,NA,,prodigal-gv,11,NA,MB20-225,MB20-225,Bacteroides uniformis,Bacteroides,D2-S2,D2,S2
MB20_225_ct3_36@Chunk_0,NODE_36_length_47207_cov_13.857370,Caudoviricetes sp. ctQ6Y6J,38755,None,45,9,0,0,Tail morphogenesis protein|minor capsid component|Portal Protein|head to tail adaptor|Large Terminase|prohead serine protease|Major Capsid Protein|virion protein|tail tape measure protein,NA,NA,d_Viruses;-_Duplodnaviria;k_Heunggongvirae;p_Uroviricota;c_Caudoviricetes,prodigal-gv,11,NA,MB20-225,MB20-225,Bacteroides uniformis,Bacteroides,D2-S2,D2,S2
MB20_225_ct3_55@Chunk_1,NODE_55_length_29627_cov_13.149695,unclassified virus sp. ctXZM4I,20203,None,18,2,0,0,Tail protein|Baseplate wedge protein,NA,NA,,prodigal-gv,11,NA,MB20-225,MB20-225,Bacteroides uniformis,Bacteroides,D2-S2,D2,S2
MB20_231_ct3_2@Chunk_8,NODE_2_length_184048_cov_20.407648,Caudoviricetes sp. ctVELD4,43980,None,48,7,0,0,tail tape measure protein|Major Capsid protein|Large Terminase|head to tail adaptor|Portal protein|minor capsid component|Tail morphogenesis protein,NA,NA,d_Viruses;-_Duplodnaviria;k_Heunggongvirae;p_Uroviricota;c_Caudoviricetes,prodigal-gv,11,NA,MB20-231,MB20-231_L4contigs,Phocaeicola vulgatus,Phocaeicola,D2-S2,D2,S2
MB20_231_ct3_37@Chunk_2,NODE_37_length_48255_cov_41.809279,Caudoviricetes sp. ctHEBK6,24886,None,27,3,0,0,Large Terminase|Major Capsid Protein|Portal protein,NA,NA,d_Viruses;-_Duplodnaviria;k_Heunggongvirae;p_Uroviricota;c_Caudoviricetes,prodigal-gv,11,NA,MB20-231,MB20-231_L4contigs,Phocaeicola vulgatus,Phocaeicola,D2-S2,D2,S2
MB20_231_ct3_4@Chunk_8,NODE_4_length_153395_cov_20.755161,unclassified virus sp. ct8ZYFR,62111,None,64,2,0,0,Baseplate wedge protein|Tail protein,NA,NA,,prodigal-gv,11,NA,MB20-231,MB20-231_L4contigs,Phocaeicola vulgatus,Phocaeicola,D2-S2,D2,S2
MB20_234_ct3_11@Chunk_9,NODE_11_length_200126_cov_15.888239,Caudoviricetes sp. ctVYQ4T,86091,None,120,6,1,0,Small Terminase|Large Terminase|Portal protein|Major Capsid protein|Distal Tail Protein|Minor tail fiber protein,DNA helicase,NA,d_Viruses;-_Duplodnaviria;k_Heunggongvirae;p_Uroviricota;c_Caudoviricetes,prodigal-gv,11,NA,MB20-234,MB20-234_contigs,Bacteroides ovatus,Bacteroides,D2-S2,D2,S2
MB20_234_ct3_14@Chunk_0,NODE_14_length_179497_cov_15.642214,Caudoviricetes sp. ct1FVV9,30308,None,34,10,0,0,Putative tail length tape measure protein |major tail protein|tail component|Head tail adaptor|Head Tail Connector Protein|Major Capsid Protein|prohead serine protease|Portal protein|Large Terminase|Small Terminase,,NA,d_Viruses;-_Duplodnaviria;k_Heunggongvirae;p_Uroviricota;c_Caudoviricetes,prodigal-gv,11,NA,MB20-234,MB20-234_contigs,Bacteroides ovatus,Bacteroides,D2-S2,D2,S2
MB20_234_ct3_25@Chunk_0,NODE_25_length_87217_cov_17.192559,unclassified virus sp. ctJZ08T,59709,None,63,2,0,0,Tail protein|Baseplate wedge protein,,NA,,prodigal-gv,11,NA,MB20-234,MB20-234_contigs,Bacteroides ovatus,Bacteroides,D2-S2,D2,S2
MB20_3_ct3_18@Chunk_12,NODE_18_length_144862_cov_16.328939,Caudoviricetes sp. ct2FGW9,29295,None,46,9,0,0,Large Terminase|Portal protein|prohead serine protease|Major Capsid Protein|Head Tail Connector Protein|Head tail adaptor|tail component|major tail protein|Putative tail length tape measure protein ,,NA,d_Viruses;-_Duplodnaviria;k_Heunggongvirae;p_Uroviricota;c_Caudoviricetes,prodigal-gv,11,NA,MB20-3,MB20-3_L2_contigs.fasta,Bacteroides thetaiotamicron,Bacteroides,D2-S1,D2,S1
MB20_3_ct3_2@Chunk_17,NODE_2_length_602225_cov_16.199642,Caudoviricetes sp. ct9T4R8,49149,None,49,10,0,0,Putative tail length tape measure protein |major tail protein|tail component|Head tail adaptor|Head Tail Connector Protein|Major Capsid Protein|prohead serine protease|Portal protein|Large Terminase|Small Terminase,,NA,d_Viruses;-_Duplodnaviria;k_Heunggongvirae;p_Uroviricota;c_Caudoviricetes,prodigal-gv,11,NA,MB20-3,MB20-3_L2_contigs.fasta,Bacteroides thetaiotamicron,Bacteroides,D2-S1,D2,S1
MB20_3_ct3_2@Chunk_3,NODE_2_length_602225_cov_16.199642,Caudoviricetes sp. ctWB9QS,68264,None,116,6,1,0,Portal Protein|minor capsid component|Major Capsid protein|tail sheath|minor tail protein|Tail protein,Large T antigen,NA,d_Viruses;-_Duplodnaviria;k_Heunggongvirae;p_Uroviricota;c_Caudoviricetes,prodigal-gv,11,NA,MB20-3,MB20-3_L2_contigs.fasta,Bacteroides thetaiotamicron,Bacteroides,D2-S1,D2,S1
MB20_3_ct3_28@Chunk_0,NODE_28_length_49004_cov_15.336927,unclassified virus sp. ctHTDW7,49005,None,51,2,0,0,Baseplate wedge protein|Tail protein,,NA,,prodigal-gv,11,NA,MB20-3,MB20-3_L2_contigs.fasta,Bacteroides thetaiotamicron,Bacteroides,D2-S1,D2,S1
MB20_3_ct3_3@Chunk_20,NODE_3_length_513223_cov_16.155702,Caudoviricetes sp. ctRGUWM,51774,None,65,8,0,0,Small Terminase|Large Terminase|Portal protein|minor capsid protein|Head fiber protein|Major Capsid Protein|Distal Tail Protein|Tail collar fibre protein,,NA,d_Viruses;-_Duplodnaviria;k_Heunggongvirae;p_Uroviricota;c_Caudoviricetes,prodigal-gv,11,NA,MB20-3,MB20-3_L2_contigs.fasta,Bacteroides thetaiotamicron,Bacteroides,D2-S1,D2,S1
MB20_3_ct3_31@Chunk_0,NODE_31_length_23673_cov_48.210949,Caudoviricetes sp. ctHXOIT,23674,None,33,7,0,0,tail tape measure protein|Major Capsid protein|Large Terminase|head to tail adaptor|Portal protein|minor capsid component|Tail morphogenesis protein,,NA,d_Viruses;-_Duplodnaviria;k_Heunggongvirae;p_Uroviricota;c_Caudoviricetes,prodigal-gv,11,NA,MB20-3,MB20-3_L2_contigs.fasta,Bacteroides thetaiotamicron,Bacteroides,D2-S1,D2,S1
MB20_30_ct3_11@Chunk_8,NODE_11_length_127906_cov_23.336519,Caudoviricetes sp. ctK9395,40887,None,59,3,1,0,Portal protein|Major Capsid Protein|Large Terminase,Replicative helicase,NA,d_Viruses;-_Duplodnaviria;k_Heunggongvirae;p_Uroviricota;c_Caudoviricetes,prodigal-gv,11,NA,MB20-30,MB20-30_L2contigs,Phocaeicola vulgatus,Phocaeicola,D2-S1,D2,S1
MB20_30_ct3_2@Chunk_8,NODE_2_length_184117_cov_19.589999,Caudoviricetes sp. ct8GF5V,43980,None,48,7,0,0,tail tape measure protein|Major Capsid protein|Large Terminase|head to tail adaptor|Portal protein|minor capsid component|Tail morphogenesis protein,,NA,d_Viruses;-_Duplodnaviria;k_Heunggongvirae;p_Uroviricota;c_Caudoviricetes,prodigal-gv,11,NA,MB20-30,MB20-30_L2contigs,Phocaeicola vulgatus,Phocaeicola,D2-S1,D2,S1
MB20_30_ct3_5@Chunk_8,NODE_5_length_165184_cov_20.921421,unclassified virus sp. ct468NQ,62111,None,64,2,0,0,Baseplate wedge protein|Tail protein,,NA,,prodigal-gv,11,NA,MB20-30,MB20-30_L2contigs,Phocaeicola vulgatus,Phocaeicola,D2-S1,D2,S1
MB20_31_ct3_2@Chunk_8,NODE_2_length_184117_cov_16.871607,Caudoviricetes sp. ctQFMAJ,43980,None,48,7,0,0,tail tape measure protein|Major Capsid protein|Large Terminase|head to tail adaptor|Portal protein|minor capsid component|Tail morphogenesis protein,NA,NA,d_Viruses;-_Duplodnaviria;k_Heunggongvirae;p_Uroviricota;c_Caudoviricetes,prodigal-gv,11,NA,MB20-31,MB20-31_contigs,Phocaeicola vulgatus,Phocaeicola,D2-S1,D2,S1
MB20_31_ct3_35@Chunk_0,NODE_35_length_48255_cov_28.274518,Caudoviricetes sp. ct9EHDB,24885,None,27,3,0,0,Portal protein|Major Capsid Protein|Large Terminase,NA,NA,d_Viruses;-_Duplodnaviria;k_Heunggongvirae;p_Uroviricota;c_Caudoviricetes,prodigal-gv,11,NA,MB20-31,MB20-31_contigs,Phocaeicola vulgatus,Phocaeicola,D2-S1,D2,S1
MB20_31_ct3_4@Chunk_0,NODE_4_length_165184_cov_17.197380,unclassified virus sp. ctB6S2M,62110,None,64,2,0,0,Tail protein|Baseplate wedge protein,NA,NA,,prodigal-gv,11,NA,MB20-31,MB20-31_contigs,Phocaeicola vulgatus,Phocaeicola,D2-S1,D2,S1
MB20_33_ct3_31@Chunk_2,NODE_31_length_63356_cov_57.483275,Caudoviricetes sp. ctIF1HP,26851,None,31,3,0,0,Large Terminase|Major Capsid Protein|Portal protein,NA,NA,d_Viruses;-_Duplodnaviria;k_Heunggongvirae;p_Uroviricota;c_Caudoviricetes,prodigal-gv,11,NA,MB20-33,MB20-33_L2contigs,Phocaeicola vulgatus,Phocaeicola,D2-S1,D2,S1
MB20_33_ct3_4@Chunk_8,NODE_4_length_165184_cov_22.369278,unclassified virus sp. ctM5VKT,62111,None,64,2,0,0,Baseplate wedge protein|Tail protein,NA,NA,,prodigal-gv,11,NA,MB20-33,MB20-33_L2contigs,Phocaeicola vulgatus,Phocaeicola,D2-S1,D2,S1
MB20_34_ct3_1@Chunk_15,NODE_1_length_647973_cov_21.571883,Pachyviridae sp. ctGGRXR,25743,None,27,2,1,0,Large Terminase|virion envelope protein A14,Replicative helicase,NA,d_Viruses;-_Duplodnaviria;k_Heunggongvirae;p_Uroviricota;c_Caudoviricetes;f_Pachyviridae,prodigal-gv,11,NA,MB20-34,MB20-34,Bacteroides uniformis,Bacteroides,D2-S1,D2,S1
MB20_34_ct3_16@Chunk_5,NODE_16_length_122151_cov_21.414533,Caudoviricetes sp. ctZ1X1O,49355,None,65,9,1,0,Tail morphogenesis protein|minor capsid component|Portal Protein|head to tail adaptor|Large Terminase|prohead serine protease|Major Capsid Protein|virion protein|tail tape measure protein,DNAB Like Replicative Helicase,NA,d_Viruses;-_Duplodnaviria;k_Heunggongvirae;p_Uroviricota;c_Caudoviricetes,prodigal-gv,11,NA,MB20-34,MB20-34,Bacteroides uniformis,Bacteroides,D2-S1,D2,S1
MB20_34_ct3_5@Chunk_0,NODE_5_length_292689_cov_20.908057,unclassified virus sp. ctV1YTQ,68064,None,69,2,0,0,Tail protein|Baseplate wedge protein,,NA,,prodigal-gv,11,NA,MB20-34,MB20-34,Bacteroides uniformis,Bacteroides,D2-S1,D2,S1
MB20_34_ct3_8@Chunk_9,NODE_8_length_275755_cov_21.016149,Caudoviricetes sp. ctYYVF7,45032,None,48,7,0,0,tail tape measure protein|Major Capsid protein|Large Terminase|head to tail adaptor|Portal protein|minor capsid component|Tail morphogenesis protein,,NA,d_Viruses;-_Duplodnaviria;k_Heunggongvirae;p_Uroviricota;c_Caudoviricetes,prodigal-gv,11,NA,MB20-34,MB20-34,Bacteroides uniformis,Bacteroides,D2-S1,D2,S1
MB20_36_ct3_101@Chunk_0,NODE_101_length_20774_cov_18.268465,unclassified virus sp. ct92NO7,20775,None,19,2,0,0,Baseplate wedge protein|Tail protein,NA,NA,,prodigal-gv,11,NA,MB20-36,MB20-36_contigs.fasta,Bacteroides thetaiotamicron,Bacteroides,D2-S1,D2,S1
MB20_36_ct3_106@Chunk_0,NODE_106_length_18528_cov_19.103147,Caudoviricetes sp. ctC4A7B,18529,None,22,10,0,0,Minor structural protein|Putative tail length tape measure protein |major tail protein|tail component|Head tail adaptor|Head Tail Connector Protein|Major Capsid Protein|prohead serine protease|Portal protein|Large Terminase,NA,NA,d_Viruses;-_Duplodnaviria;k_Heunggongvirae;p_Uroviricota;c_Caudoviricetes,prodigal-gv,11,NA,MB20-36,MB20-36_contigs.fasta,Bacteroides thetaiotamicron,Bacteroides,D2-S1,D2,S1
MB20_36_ct3_13@Chunk_4,NODE_13_length_86705_cov_19.249763,Caudoviricetes sp. ctRKLLJ,51774,None,65,8,0,0,Tail collar fibre protein|Distal Tail Protein|Major Capsid Protein|Head fiber protein|minor capsid protein|Portal protein|Large Terminase|Small Terminase,NA,NA,d_Viruses;-_Duplodnaviria;k_Heunggongvirae;p_Uroviricota;c_Caudoviricetes,prodigal-gv,11,NA,MB20-36,MB20-36_contigs.fasta,Bacteroides thetaiotamicron,Bacteroides,D2-S1,D2,S1
MB20_36_ct3_131@Chunk_0,NODE_131_length_11861_cov_11.968553,Caudoviricetes sp. ctVQK9B,11862,None,16,10,0,0,Small Terminase|Large Terminase|Portal protein|prohead serine protease|Major Capsid Protein|Head Tail Connector Protein|Head tail adaptor|tail component|major tail protein|Putative tail length tape measure protein ,NA,NA,d_Viruses;-_Duplodnaviria;k_Heunggongvirae;p_Uroviricota;c_Caudoviricetes,prodigal-gv,11,NA,MB20-36,MB20-36_contigs.fasta,Bacteroides thetaiotamicron,Bacteroides,D2-S1,D2,S1
MB20_36_ct3_74@Chunk_1,NODE_74_length_30781_cov_11.830136,Caudoviricetes sp. ctJXGH3,20820,None,18,6,0,0,Tail protein|minor tail protein|tail sheath|Major Capsid protein|minor capsid component|Portal Protein,NA,NA,d_Viruses;-_Duplodnaviria;k_Heunggongvirae;p_Uroviricota;c_Caudoviricetes,prodigal-gv,11,NA,MB20-36,MB20-36_contigs.fasta,Bacteroides thetaiotamicron,Bacteroides,D2-S1,D2,S1
MB20_36_ct3_90@Chunk_0,NODE_90_length_22344_cov_73.051717,Caudoviricetes sp. ctXT509,22345,None,32,7,0,0,tail tape measure protein|Major Capsid protein|Large Terminase|head to tail adaptor|Portal protein|minor capsid component|Tail morphogenesis protein,NA,NA,d_Viruses;-_Duplodnaviria;k_Heunggongvirae;p_Uroviricota;c_Caudoviricetes,prodigal-gv,11,NA,MB20-36,MB20-36_contigs.fasta,Bacteroides thetaiotamicron,Bacteroides,D2-S1,D2,S1
MB20_40_ct3_2@Chunk_1,NODE_2_length_520804_cov_20.167970,Caudoviricetes sp. ctV5FI6,85106,None,119,6,1,0,Minor tail fiber protein|Distal Tail Protein|Major Capsid protein|Portal protein|Large Terminase|Small Terminase,DNA helicase,NA,d_Viruses;-_Duplodnaviria;k_Heunggongvirae;p_Uroviricota;c_Caudoviricetes,prodigal-gv,11,NA,MB20-40,MB20-40_L2_contigs,Bacteroides ovatus,Bacteroides,D2-S1,D2,S1
MB20_40_ct3_23@Chunk_0,NODE_23_length_87217_cov_21.174440,unclassified virus sp. ctWPF5C,59709,None,63,2,0,0,Tail protein|Baseplate wedge protein,,NA,,prodigal-gv,11,NA,MB20-40,MB20-40_L2_contigs,Bacteroides ovatus,Bacteroides,D2-S1,D2,S1
MB20_40_ct3_7@Chunk_14,NODE_7_length_320207_cov_19.608873,Caudoviricetes sp. ctAPEXV,35454,None,38,10,0,0,Small Terminase|Large Terminase|Portal protein|prohead serine protease|Major Capsid Protein|Head Tail Connector Protein|Head tail adaptor|tail component|major tail protein|Putative tail length tape measure protein ,,NA,d_Viruses;-_Duplodnaviria;k_Heunggongvirae;p_Uroviricota;c_Caudoviricetes,prodigal-gv,11,NA,MB20-40,MB20-40_L2_contigs,Bacteroides ovatus,Bacteroides,D2-S1,D2,S1
MB20_41_ct3_1@Chunk_15,NODE_1_length_659538_cov_22.322280,Pachyviridae sp. ctRNGND,25743,None,27,2,1,0,Large Terminase|virion envelope protein A14,Replicative helicase,NA,d_Viruses;-_Duplodnaviria;k_Heunggongvirae;p_Uroviricota;c_Caudoviricetes;f_Pachyviridae,prodigal-gv,11,NA,MB20-41,MB20-41,Bacteroides uniformis,Bacteroides,D2-S1,D2,S1
MB20_41_ct3_13@Chunk_0,NODE_13_length_151520_cov_21.430905,unclassified virus sp. ctMNMSR,68064,None,69,2,0,0,Tail protein|Baseplate wedge protein,,NA,,prodigal-gv,11,NA,MB20-41,MB20-41,Bacteroides uniformis,Bacteroides,D2-S1,D2,S1
MB20_41_ct3_18@Chunk_5,NODE_18_length_122151_cov_22.128286,Caudoviricetes sp. ct3BH6I,49355,None,65,9,1,0,Tail morphogenesis protein|minor capsid component|Portal Protein|head to tail adaptor|Large Terminase|prohead serine protease|Major Capsid Protein|virion protein|tail tape measure protein,DNAB Like Replicative Helicase,NA,d_Viruses;-_Duplodnaviria;k_Heunggongvirae;p_Uroviricota;c_Caudoviricetes,prodigal-gv,11,NA,MB20-41,MB20-41,Bacteroides uniformis,Bacteroides,D2-S1,D2,S1
MB20_44_ct3_52@Chunk_0,NODE_52_length_28127_cov_5.373821,Caudoviricetes sp. ctTA6AW,28128,None,38,3,1,0,Large Terminase|Major Capsid Protein|Portal protein,Replicative helicase,NA,d_Viruses;-_Duplodnaviria;k_Heunggongvirae;p_Uroviricota;c_Caudoviricetes,prodigal-gv,11,NA,MB20-44,MB20-44_contigs,Phocaeicola vulgatus,Phocaeicola,D2-S1,D2,S1
MB20_44_ct3_80@Chunk_0,NODE_80_length_19933_cov_5.454761,unclassified virus sp. ctAK6RE,19934,None,18,2,0,0,Baseplate wedge protein|Tail protein,,NA,,prodigal-gv,11,NA,MB20-44,MB20-44_contigs,Phocaeicola vulgatus,Phocaeicola,D2-S1,D2,S1
MB20_46_ct3_23@Chunk_0,NODE_23_length_87217_cov_19.803330,unclassified virus sp. ctRIJBZ,59709,None,63,2,0,0,Tail protein|Baseplate wedge protein,,NA,,prodigal-gv,11,NA,MB20-46,MB20-46_L4_contigs,Bacteroides ovatus,Bacteroides,D2-S1,D2,S1
MB20_46_ct3_3@Chunk_1,NODE_3_length_438404_cov_19.657201,Caudoviricetes sp. ctNICCI,85106,None,119,6,1,0,Minor tail fiber protein|Distal Tail Protein|Major Capsid protein|Portal protein|Large Terminase|Small Terminase,DNA helicase,NA,d_Viruses;-_Duplodnaviria;k_Heunggongvirae;p_Uroviricota;c_Caudoviricetes,prodigal-gv,11,NA,MB20-46,MB20-46_L4_contigs,Bacteroides ovatus,Bacteroides,D2-S1,D2,S1
MB20_46_ct3_8@Chunk_11,NODE_8_length_320205_cov_19.199280,Caudoviricetes sp. ctQYYQ3,35454,None,38,10,0,0,Putative tail length tape measure protein |major tail protein|tail component|Head tail adaptor|Head Tail Connector Protein|Major Capsid Protein|prohead serine protease|Portal protein|Large Terminase|Small Terminase,,NA,d_Viruses;-_Duplodnaviria;k_Heunggongvirae;p_Uroviricota;c_Caudoviricetes,prodigal-gv,11,NA,MB20-46,MB20-46_L4_contigs,Bacteroides ovatus,Bacteroides,D2-S1,D2,S1
MB20_48_ct3_13@Chunk_0,NODE_13_length_179497_cov_19.423142,Caudoviricetes sp. ctZXEJ2,30308,None,34,10,0,0,Putative tail length tape measure protein |major tail protein|tail component|Head tail adaptor|Head Tail Connector Protein|Major Capsid Protein|prohead serine protease|Portal protein|Large Terminase|Small Terminase,,NA,d_Viruses;-_Duplodnaviria;k_Heunggongvirae;p_Uroviricota;c_Caudoviricetes,prodigal-gv,11,NA,MB20-48,MB20-48_L2_contigs,Bacteroides ovatus,Bacteroides,D2-S1,D2,S1
MB20_48_ct3_23@Chunk_5,NODE_23_length_87217_cov_20.786233,unclassified virus sp. ctELK19,59710,None,63,2,0,0,Baseplate wedge protein|Tail protein,,NA,,prodigal-gv,11,NA,MB20-48,MB20-48_L2_contigs,Bacteroides ovatus,Bacteroides,D2-S1,D2,S1
MB20_48_ct3_3@Chunk_1,NODE_3_length_437955_cov_20.095305,Caudoviricetes sp. ctVUDAO,85106,None,119,6,1,0,Minor tail fiber protein|Distal Tail Protein|Major Capsid protein|Portal protein|Large Terminase|Small Terminase,DNA helicase,NA,d_Viruses;-_Duplodnaviria;k_Heunggongvirae;p_Uroviricota;c_Caudoviricetes,prodigal-gv,11,NA,MB20-48,MB20-48_L2_contigs,Bacteroides ovatus,Bacteroides,D2-S1,D2,S1
MB20_51_ct3_2@Chunk_29,NODE_2_length_521124_cov_13.146995,Caudoviricetes sp. ctJJWO0,86091,None,120,6,1,0,Small Terminase|Large Terminase|Portal protein|Major Capsid protein|Distal Tail Protein|Minor tail fiber protein,DNA helicase,NA,d_Viruses;-_Duplodnaviria;k_Heunggongvirae;p_Uroviricota;c_Caudoviricetes,prodigal-gv,11,NA,MB20-51,MB20-51,Bacteroides ovatus,Bacteroides,D2-S1,D2,S1
MB20_51_ct3_22@Chunk_5,NODE_22_length_87217_cov_12.902124,unclassified virus sp. ctSC9Q2,59710,None,63,2,0,0,Baseplate wedge protein|Tail protein,,NA,,prodigal-gv,11,NA,MB20-51,MB20-51,Bacteroides ovatus,Bacteroides,D2-S1,D2,S1
MB20_51_ct3_8@Chunk_11,NODE_8_length_320207_cov_12.540037,Caudoviricetes sp. ctS5FNH,35454,None,38,10,0,0,Putative tail length tape measure protein |major tail protein|tail component|Head tail adaptor|Head Tail Connector Protein|Major Capsid Protein|prohead serine protease|Portal protein|Large Terminase|Small Terminase,,NA,d_Viruses;-_Duplodnaviria;k_Heunggongvirae;p_Uroviricota;c_Caudoviricetes,prodigal-gv,11,NA,MB20-51,MB20-51,Bacteroides ovatus,Bacteroides,D2-S1,D2,S1
MB20_52_ct3_17@Chunk_12,NODE_17_length_144862_cov_15.767230,Caudoviricetes sp. ctX2A6X,29295,None,46,9,0,0,Large Terminase|Portal protein|prohead serine protease|Major Capsid Protein|Head Tail Connector Protein|Head tail adaptor|tail component|major tail protein|Putative tail length tape measure protein ,,NA,d_Viruses;-_Duplodnaviria;k_Heunggongvirae;p_Uroviricota;c_Caudoviricetes,prodigal-gv,11,NA,MB20-52,MB20-52_contigs.fasta,Bacteroides thetaiotamicron,Bacteroides,D2-S1,D2,S1
MB20_52_ct3_2@Chunk_20,NODE_2_length_513226_cov_15.703595,Caudoviricetes sp. ctQL53E,51774,None,65,8,0,0,Small Terminase|Large Terminase|Portal protein|minor capsid protein|Head fiber protein|Major Capsid Protein|Distal Tail Protein|Tail collar fibre protein,,NA,d_Viruses;-_Duplodnaviria;k_Heunggongvirae;p_Uroviricota;c_Caudoviricetes,prodigal-gv,11,NA,MB20-52,MB20-52_contigs.fasta,Bacteroides thetaiotamicron,Bacteroides,D2-S1,D2,S1
MB20_52_ct3_20@Chunk_2,NODE_20_length_134004_cov_16.704079,Caudoviricetes sp. ctMP0GT,68410,None,111,6,1,0,Tail protein|minor tail protein|tail sheath|Major Capsid protein|minor capsid component|Portal Protein,Large T antigen,NA,d_Viruses;-_Duplodnaviria;k_Heunggongvirae;p_Uroviricota;c_Caudoviricetes,prodigal-gv,11,NA,MB20-52,MB20-52_contigs.fasta,Bacteroides thetaiotamicron,Bacteroides,D2-S1,D2,S1
MB20_52_ct3_31@Chunk_0,NODE_31_length_49004_cov_15.301737,unclassified virus sp. ctPTURF,49005,None,51,2,0,0,Baseplate wedge protein|Tail protein,,NA,,prodigal-gv,11,NA,MB20-52,MB20-52_contigs.fasta,Bacteroides thetaiotamicron,Bacteroides,D2-S1,D2,S1
MB20_52_ct3_34@Chunk_0,NODE_34_length_22344_cov_46.681505,Caudoviricetes sp. ctZ7TD1,22345,None,32,7,0,0,Tail morphogenesis protein|minor capsid component|Portal protein|head to tail adaptor|Large Terminase|Major Capsid protein|tail tape measure protein,,NA,d_Viruses;-_Duplodnaviria;k_Heunggongvirae;p_Uroviricota;c_Caudoviricetes,prodigal-gv,11,NA,MB20-52,MB20-52_contigs.fasta,Bacteroides thetaiotamicron,Bacteroides,D2-S1,D2,S1
MB20_52_ct3_5@Chunk_13,NODE_5_length_339388_cov_15.613327,Caudoviricetes sp. ct78ML0,49149,None,49,10,0,0,Small Terminase|Large Terminase|Portal protein|prohead serine protease|Major Capsid Protein|Head Tail Connector Protein|Head tail adaptor|tail component|major tail protein|Putative tail length tape measure protein ,,NA,d_Viruses;-_Duplodnaviria;k_Heunggongvirae;p_Uroviricota;c_Caudoviricetes,prodigal-gv,11,NA,MB20-52,MB20-52_contigs.fasta,Bacteroides thetaiotamicron,Bacteroides,D2-S1,D2,S1
MB20_54_ct3_19@Chunk_12,NODE_19_length_144862_cov_12.950489,Caudoviricetes sp. ct2BTWU,29295,None,46,9,0,0,Large Terminase|Portal protein|prohead serine protease|Major Capsid Protein|Head Tail Connector Protein|Head tail adaptor|tail component|major tail protein|Putative tail length tape measure protein ,NA,NA,d_Viruses;-_Duplodnaviria;k_Heunggongvirae;p_Uroviricota;c_Caudoviricetes,prodigal-gv,11,NA,MB20-54,MB20-54_L1_contigs.fasta,Bacteroides thetaiotamicron,Bacteroides,D2-S1,D2,S1
MB20_54_ct3_2@Chunk_20,NODE_2_length_513223_cov_12.433393,Caudoviricetes sp. ctTB5W5,51774,None,65,8,0,0,Small Terminase|Large Terminase|Portal protein|minor capsid protein|Head fiber protein|Major Capsid Protein|Distal Tail Protein|Tail collar fibre protein,NA,NA,d_Viruses;-_Duplodnaviria;k_Heunggongvirae;p_Uroviricota;c_Caudoviricetes,prodigal-gv,11,NA,MB20-54,MB20-54_L1_contigs.fasta,Bacteroides thetaiotamicron,Bacteroides,D2-S1,D2,S1
MB20_54_ct3_27@Chunk_2,NODE_27_length_72379_cov_11.933940,Caudoviricetes sp. ctL21EZ,28103,None,30,6,0,0,Tail protein|minor tail protein|tail sheath|Major Capsid protein|minor capsid component|Portal Protein,NA,NA,d_Viruses;-_Duplodnaviria;k_Heunggongvirae;p_Uroviricota;c_Caudoviricetes,prodigal-gv,11,NA,MB20-54,MB20-54_L1_contigs.fasta,Bacteroides thetaiotamicron,Bacteroides,D2-S1,D2,S1
MB20_54_ct3_3@Chunk_20,NODE_3_length_469286_cov_11.562460,Caudoviricetes sp. ct3IGX0,49149,None,49,10,0,0,Small Terminase|Large Terminase|Portal protein|prohead serine protease|Major Capsid Protein|Head Tail Connector Protein|Head tail adaptor|tail component|major tail protein|Putative tail length tape measure protein ,NA,NA,d_Viruses;-_Duplodnaviria;k_Heunggongvirae;p_Uroviricota;c_Caudoviricetes,prodigal-gv,11,NA,MB20-54,MB20-54_L1_contigs.fasta,Bacteroides thetaiotamicron,Bacteroides,D2-S1,D2,S1
MB20_54_ct3_30@Chunk_0,NODE_30_length_49004_cov_11.010475,unclassified virus sp. ctFDL4N,49005,None,51,2,0,0,Tail protein|Baseplate wedge protein,NA,NA,,prodigal-gv,11,NA,MB20-54,MB20-54_L1_contigs.fasta,Bacteroides thetaiotamicron,Bacteroides,D2-S1,D2,S1
MB20_54_ct3_33@Chunk_0,NODE_33_length_21524_cov_34.864981,Caudoviricetes sp. ct2S9ZR,21525,None,31,7,0,0,Tail morphogenesis protein|minor capsid component|Portal protein|head to tail adaptor|Large Terminase|Major Capsid protein|tail tape measure protein,NA,NA,d_Viruses;-_Duplodnaviria;k_Heunggongvirae;p_Uroviricota;c_Caudoviricetes,prodigal-gv,11,NA,MB20-54,MB20-54_L1_contigs.fasta,Bacteroides thetaiotamicron,Bacteroides,D2-S1,D2,S1
MB20_57_ct3_11@Chunk_1,NODE_11_length_200126_cov_14.974360,Caudoviricetes sp. ctTP9PW,85106,None,119,6,1,0,Minor tail fiber protein|Distal Tail Protein|Major Capsid protein|Portal protein|Large Terminase|Small Terminase,DNA helicase,NA,d_Viruses;-_Duplodnaviria;k_Heunggongvirae;p_Uroviricota;c_Caudoviricetes,prodigal-gv,11,NA,MB20-57,MB20-57_contigs,Bacteroides ovatus,Bacteroides,D2-S1,D2,S1
MB20_57_ct3_25@Chunk_5,NODE_25_length_87217_cov_15.456826,unclassified virus sp. ct463F7,59710,None,63,2,0,0,Baseplate wedge protein|Tail protein,,NA,,prodigal-gv,11,NA,MB20-57,MB20-57_contigs,Bacteroides ovatus,Bacteroides,D2-S1,D2,S1
MB20_57_ct3_6@Chunk_14,NODE_6_length_320202_cov_14.451260,Caudoviricetes sp. ctCXE19,35454,None,38,10,0,0,Small Terminase|Large Terminase|Portal protein|prohead serine protease|Major Capsid Protein|Head Tail Connector Protein|Head tail adaptor|tail component|major tail protein|Putative tail length tape measure protein ,,NA,d_Viruses;-_Duplodnaviria;k_Heunggongvirae;p_Uroviricota;c_Caudoviricetes,prodigal-gv,11,NA,MB20-57,MB20-57_contigs,Bacteroides ovatus,Bacteroides,D2-S1,D2,S1
MB20_59_ct3_2@Chunk_14,NODE_2_length_642057_cov_19.762284,Caudoviricetes sp. ctXS2L6,35454,None,38,10,0,0,Small Terminase|Large Terminase|Portal protein|prohead serine protease|Major Capsid Protein|Head Tail Connector Protein|Head tail adaptor|tail component|major tail protein|Putative tail length tape measure protein ,,NA,d_Viruses;-_Duplodnaviria;k_Heunggongvirae;p_Uroviricota;c_Caudoviricetes,prodigal-gv,11,NA,MB20-59,MB20-59_contigs,Bacteroides ovatus,Bacteroides,D2-S1,D2,S1
MB20_59_ct3_21@Chunk_5,NODE_21_length_87217_cov_20.955690,unclassified virus sp. ctZ6UET,59710,None,63,2,0,0,Baseplate wedge protein|Tail protein,,NA,,prodigal-gv,11,NA,MB20-59,MB20-59_contigs,Bacteroides ovatus,Bacteroides,D2-S1,D2,S1
MB20_59_ct3_3@Chunk_1,NODE_3_length_520804_cov_20.847226,Caudoviricetes sp. ctDAWMJ,85106,None,118,6,1,0,Minor tail fiber protein|Distal Tail Protein|Major Capsid protein|Portal protein|Large Terminase|Small Terminase,DNA helicase,NA,d_Viruses;-_Duplodnaviria;k_Heunggongvirae;p_Uroviricota;c_Caudoviricetes,prodigal-gv,11,NA,MB20-59,MB20-59_contigs,Bacteroides ovatus,Bacteroides,D2-S1,D2,S1
MB20_63_ct3_2@Chunk_14,NODE_2_length_642048_cov_17.727118,Caudoviricetes sp. ctD7MG9,35454,None,38,10,0,0,Small Terminase|Large Terminase|Portal protein|prohead serine protease|Major Capsid Protein|Head Tail Connector Protein|Head tail adaptor|tail component|major tail protein|Putative tail length tape measure protein ,,NA,d_Viruses;-_Duplodnaviria;k_Heunggongvirae;p_Uroviricota;c_Caudoviricetes,prodigal-gv,11,NA,MB20-63,MB20-63_contigs,Bacteroides ovatus,Bacteroides,D2-S1,D2,S1
MB20_63_ct3_21@Chunk_0,NODE_21_length_87217_cov_19.688081,unclassified virus sp. ct79KN4,59709,None,63,2,0,0,Tail protein|Baseplate wedge protein,,NA,,prodigal-gv,11,NA,MB20-63,MB20-63_contigs,Bacteroides ovatus,Bacteroides,D2-S1,D2,S1
MB20_63_ct3_3@Chunk_1,NODE_3_length_520804_cov_18.442683,Caudoviricetes sp. ctNKKCI,85106,None,119,6,1,0,Minor tail fiber protein|Distal Tail Protein|Major Capsid protein|Portal protein|Large Terminase|Small Terminase,DNA helicase,NA,d_Viruses;-_Duplodnaviria;k_Heunggongvirae;p_Uroviricota;c_Caudoviricetes,prodigal-gv,11,NA,MB20-63,MB20-63_contigs,Bacteroides ovatus,Bacteroides,D2-S1,D2,S1
MB20_65_ct3_2@Chunk_5,NODE_2_length_184048_cov_20.336960,Caudoviricetes sp. ctWUNSC,43980,None,48,7,0,0,Tail morphogenesis protein|minor capsid component|Portal protein|head to tail adaptor|Large Terminase|Major Capsid protein|tail tape measure protein,NA,NA,d_Viruses;-_Duplodnaviria;k_Heunggongvirae;p_Uroviricota;c_Caudoviricetes,prodigal-gv,11,NA,MB20-65,MB20-65_contigs,Phocaeicola vulgatus,Phocaeicola,D2-S1,D2,S1
MB20_65_ct3_5@Chunk_0,NODE_5_length_165184_cov_21.563205,unclassified virus sp. ctVZPYJ,62110,None,64,2,0,0,Tail protein|Baseplate wedge protein,NA,NA,,prodigal-gv,11,NA,MB20-65,MB20-65_contigs,Phocaeicola vulgatus,Phocaeicola,D2-S1,D2,S1
MB20_65_ct3_58@Chunk_0,NODE_58_length_27383_cov_137.268822,Caudoviricetes sp. ctIV12E,27384,None,35,3,0,0,Portal protein|Major Capsid Protein|Large Terminase,NA,NA,d_Viruses;-_Duplodnaviria;k_Heunggongvirae;p_Uroviricota;c_Caudoviricetes,prodigal-gv,11,NA,MB20-65,MB20-65_contigs,Phocaeicola vulgatus,Phocaeicola,D2-S1,D2,S1
MB20_66_ct3_11@Chunk_9,NODE_11_length_199677_cov_22.662456,Caudoviricetes sp. ctLLTI9,86091,None,120,6,1,0,Small Terminase|Large Terminase|Portal protein|Major Capsid protein|Distal Tail Protein|Minor tail fiber protein,DNA helicase,NA,d_Viruses;-_Duplodnaviria;k_Heunggongvirae;p_Uroviricota;c_Caudoviricetes,prodigal-gv,11,NA,MB20-66,MB20-66_contigs,Bacteroides ovatus,Bacteroides,D2-S1,D2,S1
MB20_66_ct3_2@Chunk_14,NODE_2_length_642048_cov_22.341998,Caudoviricetes sp. ctCIR9M,35454,None,38,10,0,0,Small Terminase|Large Terminase|Portal protein|prohead serine protease|Major Capsid Protein|Head Tail Connector Protein|Head tail adaptor|tail component|major tail protein|Putative tail length tape measure protein ,,NA,d_Viruses;-_Duplodnaviria;k_Heunggongvirae;p_Uroviricota;c_Caudoviricetes,prodigal-gv,11,NA,MB20-66,MB20-66_contigs,Bacteroides ovatus,Bacteroides,D2-S1,D2,S1
MB20_66_ct3_24@Chunk_5,NODE_24_length_87217_cov_24.206373,unclassified virus sp. ctFH9VU,59710,None,63,2,0,0,Baseplate wedge protein|Tail protein,,NA,,prodigal-gv,11,NA,MB20-66,MB20-66_contigs,Bacteroides ovatus,Bacteroides,D2-S1,D2,S1
MB20_74_ct3_126@Chunk_0,NODE_126_length_10495_cov_17.200907,Caudoviricetes sp. ctPXQ1S,10496,None,14,2,0,0,prohead serine protease|Large Terminase,NA,NA,d_Viruses;-_Duplodnaviria;k_Heunggongvirae;p_Uroviricota;c_Caudoviricetes,prodigal-gv,11,NA,MB20-74,MB20-74,Bacteroides ovatus,Bacteroides,D1-S2,D1,S2
MB20_74_ct3_89@Chunk_0,NODE_89_length_24337_cov_14.051012,Caudoviricetes sp. ct51LS3,24338,None,23,4,0,0,tail tape measure protein |tail protein |minor structural protein |tail protein,NA,NA,d_Viruses;-_Duplodnaviria;k_Heunggongvirae;p_Uroviricota;c_Caudoviricetes,prodigal-gv,11,NA,MB20-74,MB20-74,Bacteroides ovatus,Bacteroides,D1-S2,D1,S2
MB20_80_ct3_117,NODE_117_length_2470_cov_18.823730,Mimiviridae sp. ct2FWND,2470,None,1,1,0,0,major tail protein,,NA,d_Viruses;-_Varidnaviria;k_Bamfordvirae;p_Nucleocytoviricota;c_Megaviricetes;o_Imitervirales;f_Mimiviridae,prodigal-gv,11,NA,MB20-80,MB20-80,Bacteroides faecis,Bacteroides,D1-S2,D1,S2
MB20_80_ct3_18@Chunk_3,NODE_18_length_104221_cov_18.726843,Caudoviricetes sp. ctRVMA6,42608,None,45,10,0,0,Small Terminase|Large Terminase|Portal protein|prohead serine protease|Major Capsid Protein|Head Tail Connector Protein|Head tail adaptor|tail component|major tail protein|Putative tail length tape measure protein ,,NA,d_Viruses;-_Duplodnaviria;k_Heunggongvirae;p_Uroviricota;c_Caudoviricetes,prodigal-gv,11,NA,MB20-80,MB20-80,Bacteroides faecis,Bacteroides,D1-S2,D1,S2
MB20_80_ct3_19@Chunk_1,NODE_19_length_102828_cov_20.993729,Winoviridae sp. ct9JJHS,46026,None,56,7,1,0,Tail morphogenesis protein|minor capsid component|Large Terminase|Major Capsid protein|tail sheath|minor tail protein|Tail protein,Helicase ATPase,NA,d_Viruses;-_Duplodnaviria;k_Heunggongvirae;p_Uroviricota;c_Caudoviricetes;f_Winoviridae,prodigal-gv,11,NA,MB20-80,MB20-80,Bacteroides faecis,Bacteroides,D1-S2,D1,S2
MB20_80_ct3_2@Chunk_7,NODE_2_length_357984_cov_18.537399,Caudoviricetes sp. ct1FXYL,67367,None,113,6,1,0,Tail protein|minor tail protein|tail sheath|Major Capsid protein|minor capsid component|Portal Protein,Large T antigen,NA,d_Viruses;-_Duplodnaviria;k_Heunggongvirae;p_Uroviricota;c_Caudoviricetes,prodigal-gv,11,NA,MB20-80,MB20-80,Bacteroides faecis,Bacteroides,D1-S2,D1,S2
MB20_80_ct3_37@Chunk_0,NODE_37_length_59309_cov_16.151685,Caudoviricetes sp. ctOJXNF,59310,None,74,6,1,0,minor tail protein|Major Capsid Protein|prohead serine protease|Portal Protein|Large Terminase|Terminase small subunit,DNA helicase,NA,d_Viruses;-_Duplodnaviria;k_Heunggongvirae;p_Uroviricota;c_Caudoviricetes,prodigal-gv,11,NA,MB20-80,MB20-80,Bacteroides faecis,Bacteroides,D1-S2,D1,S2
MB20_83_ct3_12@Chunk_3,NODE_12_length_132327_cov_18.452829,Caudoviricetes sp. ct7EUTP,67534,None,109,6,1,0,Portal Protein|minor capsid component|Major Capsid protein|tail sheath|minor tail protein|Tail protein,Large T antigen,NA,d_Viruses;-_Duplodnaviria;k_Heunggongvirae;p_Uroviricota;c_Caudoviricetes,prodigal-gv,11,NA,MB20-83,MB20-83,Bacteroides faecis,Bacteroides,D1-S2,D1,S2
MB20_83_ct3_123,NODE_123_length_2470_cov_19.850619,Mimiviridae sp. ct715BI,2470,None,1,1,0,0,major tail protein,,NA,d_Viruses;-_Varidnaviria;k_Bamfordvirae;p_Nucleocytoviricota;c_Megaviricetes;o_Imitervirales;f_Mimiviridae,prodigal-gv,11,NA,MB20-83,MB20-83,Bacteroides faecis,Bacteroides,D1-S2,D1,S2
MB20_83_ct3_20@Chunk_3,NODE_20_length_104219_cov_19.708316,Caudoviricetes sp. ct24700,42608,None,45,10,0,0,Small Terminase|Large Terminase|Portal protein|prohead serine protease|Major Capsid Protein|Head Tail Connector Protein|Head tail adaptor|tail component|major tail protein|Putative tail length tape measure protein ,,NA,d_Viruses;-_Duplodnaviria;k_Heunggongvirae;p_Uroviricota;c_Caudoviricetes,prodigal-gv,11,NA,MB20-83,MB20-83,Bacteroides faecis,Bacteroides,D1-S2,D1,S2
MB20_83_ct3_21@Chunk_1,NODE_21_length_102828_cov_20.400668,Winoviridae sp. ctTNQ0W,46026,None,56,7,1,0,Tail morphogenesis protein|minor capsid component|Large Terminase|Major Capsid protein|tail sheath|minor tail protein|Tail protein,Helicase ATPase,NA,d_Viruses;-_Duplodnaviria;k_Heunggongvirae;p_Uroviricota;c_Caudoviricetes;f_Winoviridae,prodigal-gv,11,NA,MB20-83,MB20-83,Bacteroides faecis,Bacteroides,D1-S2,D1,S2
MB20_83_ct3_9@Chunk_0,NODE_9_length_149091_cov_19.478069,Caudoviricetes sp. ctCAEQH,63707,None,78,6,1,0,minor tail protein|Major Capsid Protein|prohead serine protease|Portal Protein|Large Terminase|Terminase small subunit,DNA helicase,NA,d_Viruses;-_Duplodnaviria;k_Heunggongvirae;p_Uroviricota;c_Caudoviricetes,prodigal-gv,11,NA,MB20-83,MB20-83,Bacteroides faecis,Bacteroides,D1-S2,D1,S2
MB20_85_ct3_111,NODE_111_length_9876_cov_20.165966,Caudoviricetes sp. ct7XL8P,9876,None,15,3,1,0,Portal protein|Large Terminase|Small Terminase,Replicative helicase,NA,d_Viruses;-_Duplodnaviria;k_Heunggongvirae;p_Uroviricota;c_Caudoviricetes,prodigal-gv,11,NA,MB20-85,MB20-85,Bacteroides uniformis,Bacteroides,D1-S2,D1,S2
MB20_85_ct3_121,NODE_121_length_7620_cov_19.579608,unclassified virus sp. ctWBMT6,7620,None,16,2,0,0,Head fiber protein|capsid protein,,NA,,prodigal-gv,11,NA,MB20-85,MB20-85,Bacteroides uniformis,Bacteroides,D1-S2,D1,S2
MB20_85_ct3_25@Chunk_0,NODE_25_length_49856_cov_16.928513,unclassified virus sp. ctVRT87,36950,None,62,2,0,0,Tail collar fibre protein|virion protein,,NA,unclassified virus,prodigal-gv,11,NA,MB20-85,MB20-85,Bacteroides uniformis,Bacteroides,D1-S2,D1,S2
MB20_85_ct3_68@Chunk_0,NODE_68_length_22526_cov_19.693915,Caudoviricetes sp. ctP1U15,22527,None,32,4,1,0,Portal protein|Large Terminase|Capsid protein|tail tape measure protein ,dsDNA helicase,NA,d_Viruses;-_Duplodnaviria;k_Heunggongvirae;p_Uroviricota;c_Caudoviricetes,prodigal-gv,11,NA,MB20-85,MB20-85,Bacteroides uniformis,Bacteroides,D1-S2,D1,S2
MB20_85_ct3_72@Chunk_0,NODE_72_length_21689_cov_19.702950,Pachyviridae sp. ctCC206,10183,None,13,2,1,0,Large Terminase|virion envelope protein A14,Replicative helicase,NA,d_Viruses;-_Duplodnaviria;k_Heunggongvirae;p_Uroviricota;c_Caudoviricetes;f_Pachyviridae,prodigal-gv,11,NA,MB20-85,MB20-85,Bacteroides uniformis,Bacteroides,D1-S2,D1,S2
MB20_89_ct3_110,NODE_110_length_6075_cov_16.135844,unclassified virus sp. ctVH3OF,6075,None,9,1,0,0,prohead serine protease,NA,NA,,prodigal-gv,11,NA,MB20-89,MB20-89_contigs.fasta,Bacteroides thetaiotamicron,Bacteroides,D1-S2,D1,S2
MB20_89_ct3_33@Chunk_2,NODE_33_length_63869_cov_15.600734,Caudoviricetes sp. ctDXE25,43601,None,53,4,0,0,tail tape measure protein |Portal protein|Large Terminase|Major Capsid protein,NA,NA,d_Viruses;-_Duplodnaviria;k_Heunggongvirae;p_Uroviricota;c_Caudoviricetes,prodigal-gv,11,NA,MB20-89,MB20-89_contigs.fasta,Bacteroides thetaiotamicron,Bacteroides,D1-S2,D1,S2
MB20_89_ct3_94@Chunk_0,NODE_94_length_11637_cov_17.377150,Caudoviricetes sp. ctK197H,11638,None,13,2,0,0,Portal protein|Large Terminase,NA,NA,d_Viruses;-_Duplodnaviria;k_Heunggongvirae;p_Uroviricota;c_Caudoviricetes,prodigal-gv,11,NA,MB20-89,MB20-89_contigs.fasta,Bacteroides thetaiotamicron,Bacteroides,D1-S2,D1,S2
MB20_92_ct3_10@Chunk_0,NODE_10_length_88336_cov_47.543062,Caudoviricetes sp. ct6CA4V,88337,None,110,20,4,0,tail tape measure protein |major tail protein|tail completion protein|Head Tail Connector protein|Head Tail Connector protein|Major Capsid Protein|prohead serine protease|Portal protein|Large Terminase|Small Terminase|tail tape measure protein |major tail protein|tail completion protein|Head Tail Connector protein|Head Tail Connector protein|Major Capsid Protein|prohead serine protease|Portal protein|Large Terminase|Small Terminase,replicative DNA helicase|DNA Polymerase I|replicative DNA helicase|DNA Polymerase I,NA,d_Viruses;-_Duplodnaviria;k_Heunggongvirae;p_Uroviricota;c_Caudoviricetes,prodigal-gv,11,NA,MB20-92,MB20-92_contigs,Phocaeicola vulgatus,Phocaeicola,D1-S2,D1,S2
MB20_92_ct3_147,NODE_147_length_3506_cov_33.194732,unclassified virus sp. ctUTP0S,3506,None,1,1,0,0,minor structural protein ,,NA,,prodigal-gv,11,NA,MB20-92,MB20-92_contigs,Phocaeicola vulgatus,Phocaeicola,D1-S2,D1,S2
MB20_93_ct3_12@Chunk_6,NODE_12_length_143846_cov_26.626667,Caudoviricetes sp. ct36AMN,63320,None,82,7,0,0,Tail collar fibre protein|Distal Tail Protein|Major Capsid Protein|minor capsid protein|Portal protein|Large Terminase|Small Terminase,,NA,d_Viruses;-_Duplodnaviria;k_Heunggongvirae;p_Uroviricota;c_Caudoviricetes,prodigal-gv,11,NA,MB20-93,MB20-93_contigs,Phocaeicola vulgatus,Phocaeicola,D1-S2,D1,S2
MB20_93_ct3_15@Chunk_6,NODE_15_length_121770_cov_24.022476,Caudoviricetes sp. ctJA9I5,45682,None,51,7,0,0,Tail morphogenesis protein|minor capsid component|Portal protein|head to tail adaptor|Large Terminase|Major Capsid protein|tail tape measure protein,,NA,d_Viruses;-_Duplodnaviria;k_Heunggongvirae;p_Uroviricota;c_Caudoviricetes,prodigal-gv,11,NA,MB20-93,MB20-93_contigs,Phocaeicola vulgatus,Phocaeicola,D1-S2,D1,S2
MB20_93_ct3_2@Chunk_8,NODE_2_length_386904_cov_26.484222,Caudoviricetes sp. ct7SYC6,71863,None,109,6,1,0,Terminase small subunit|Large Terminase|tail tape measure protein|Major Capsid Protein|phage prohead protease|Portal Protein,DNA helicase,NA,d_Viruses;-_Duplodnaviria;k_Heunggongvirae;p_Uroviricota;c_Caudoviricetes,prodigal-gv,11,NA,MB20-93,MB20-93_contigs,Phocaeicola vulgatus,Phocaeicola,D1-S2,D1,S2
MB20_93_ct3_6@Chunk_4,NODE_6_length_264619_cov_24.592279,Caudoviricetes sp. ctGBB6A,112145,None,157,12,3,0,Small Terminase|Large Terminase|Portal protein|Head fiber protein|capsid protein|tail tape measure protein|minor structural protein |Portal Protein|Major Capsid protein|Tail tape measure |Large Terminase|Terminase small subunit,DNA helicase|phage replisome organiser|Helicase of the snf2 family,NA,d_Viruses;-_Duplodnaviria;k_Heunggongvirae;p_Uroviricota;c_Caudoviricetes,prodigal-gv,11,NA,MB20-93,MB20-93_contigs,Phocaeicola vulgatus,Phocaeicola,D1-S2,D1,S2
MB20_96_ct3_15@Chunk_1,NODE_15_length_121770_cov_24.579170,Caudoviricetes sp. ct7YFOO,44471,None,50,7,0,0,tail tape measure protein|Major Capsid protein|Large Terminase|head to tail adaptor|Portal protein|minor capsid component|Tail morphogenesis protein,,NA,d_Viruses;-_Duplodnaviria;k_Heunggongvirae;p_Uroviricota;c_Caudoviricetes,prodigal-gv,11,NA,MB20-96,MB20-96_contigs,Phocaeicola vulgatus,Phocaeicola,D1-S2,D1,S2
MB20_96_ct3_16@Chunk_4,NODE_16_length_121394_cov_27.333199,Caudoviricetes sp. ctRYGRW,63320,None,82,7,0,0,Tail collar fibre protein|Distal Tail Protein|Major Capsid Protein|minor capsid protein|Portal protein|Large Terminase|Small Terminase,,NA,d_Viruses;-_Duplodnaviria;k_Heunggongvirae;p_Uroviricota;c_Caudoviricetes,prodigal-gv,11,NA,MB20-96,MB20-96_contigs,Phocaeicola vulgatus,Phocaeicola,D1-S2,D1,S2
MB20_96_ct3_2@Chunk_12,NODE_2_length_422914_cov_24.771161,Caudoviricetes sp. ctMRYI3,71863,None,108,6,1,0,Portal Protein|phage prohead protease|Major Capsid Protein|tail tape measure protein|Large Terminase|Terminase small subunit,DNA helicase,NA,d_Viruses;-_Duplodnaviria;k_Heunggongvirae;p_Uroviricota;c_Caudoviricetes,prodigal-gv,11,NA,MB20-96,MB20-96_contigs,Phocaeicola vulgatus,Phocaeicola,D1-S2,D1,S2
MB20_96_ct3_6@Chunk_4,NODE_6_length_264241_cov_24.913269,Caudoviricetes sp. ctNG5FQ,112145,None,158,12,3,0,Small Terminase|Large Terminase|Portal protein|Head fiber protein|capsid protein|tail tape measure protein|minor structural protein |Portal Protein|Major Capsid protein|Tail tape measure |Large Terminase|Terminase small subunit,DNA helicase|phage replisome organiser|Helicase of the snf2 family,NA,d_Viruses;-_Duplodnaviria;k_Heunggongvirae;p_Uroviricota;c_Caudoviricetes,prodigal-gv,11,NA,MB20-96,MB20-96_contigs,Phocaeicola vulgatus,Phocaeicola,D1-S2,D1,S2
